fecha,indicador,valor,fuente
2022-01-31,IPC_variacion_mensual,3.9,argentinadatos.com
2022-02-28,IPC_variacion_mensual,4.7,argentinadatos.com
2022-03-31,IPC_variacion_mensual,6.7,argentinadatos.com
2022-04-30,IPC_variacion_mensual,6.0,argentinadatos.com
2022-05-31,IPC_variacion_mensual,5.1,argentinadatos.com
2022-06-30,IPC_variacion_mensual,5.3,argentinadatos.com
2022-07-31,IPC_variacion_mensual,7.4,argentinadatos.com
2022-08-31,IPC_variacion_mensual,7.0,argentinadatos.com
2022-09-30,IPC_variacion_mensual,6.2,argentinadatos.com
2022-10-31,IPC_variacion_mensual,6.3,argentinadatos.com
2022-11-30,IPC_variacion_mensual,4.9,argentinadatos.com
2022-12-31,IPC_variacion_mensual,5.1,argentinadatos.com
2023-01-31,IPC_variacion_mensual,6.0,argentinadatos.com
2023-02-28,IPC_variacion_mensual,6.6,argentinadatos.com
2023-03-31,IPC_variacion_mensual,7.7,argentinadatos.com
2023-04-30,IPC_variacion_mensual,8.4,argentinadatos.com
2023-05-31,IPC_variacion_mensual,7.8,argentinadatos.com
2023-06-30,IPC_variacion_mensual,6.0,argentinadatos.com
2023-07-31,IPC_variacion_mensual,6.3,argentinadatos.com
2023-08-31,IPC_variacion_mensual,12.4,argentinadatos.com
2023-09-30,IPC_variacion_mensual,12.7,argentinadatos.com
2023-10-31,IPC_variacion_mensual,8.3,argentinadatos.com
2023-11-30,IPC_variacion_mensual,12.8,argentinadatos.com
2023-12-31,IPC_variacion_mensual,25.5,argentinadatos.com
2024-01-31,IPC_variacion_mensual,20.6,argentinadatos.com
2024-02-29,IPC_variacion_mensual,13.2,argentinadatos.com
2024-03-31,IPC_variacion_mensual,11.0,argentinadatos.com
2024-04-30,IPC_variacion_mensual,8.8,argentinadatos.com
2024-05-31,IPC_variacion_mensual,4.2,argentinadatos.com
2024-06-30,IPC_variacion_mensual,4.6,argentinadatos.com
2024-07-31,IPC_variacion_mensual,4.0,argentinadatos.com
2024-08-31,IPC_variacion_mensual,4.2,argentinadatos.com
2024-09-30,IPC_variacion_mensual,3.5,argentinadatos.com
2024-10-31,IPC_variacion_mensual,2.7,argentinadatos.com
2024-11-30,IPC_variacion_mensual,2.4,argentinadatos.com
2024-12-31,IPC_variacion_mensual,2.7,argentinadatos.com
2025-01-31,IPC_variacion_mensual,2.2,argentinadatos.com
2025-02-28,IPC_variacion_mensual,2.4,argentinadatos.com
2025-03-31,IPC_variacion_mensual,3.7,argentinadatos.com
2025-04-30,IPC_variacion_mensual,2.8,argentinadatos.com
2025-05-31,IPC_variacion_mensual,1.5,argentinadatos.com
2025-06-30,IPC_variacion_mensual,1.6,argentinadatos.com
2025-07-31,IPC_variacion_mensual,1.9,argentinadatos.com
2025-08-31,IPC_variacion_mensual,1.9,argentinadatos.com
2025-09-30,IPC_variacion_mensual,2.1,argentinadatos.com
2025-10-31,IPC_variacion_mensual,2.3,argentinadatos.com
2025-11-30,IPC_variacion_mensual,2.5,argentinadatos.com
2025-12-31,IPC_variacion_mensual,2.8,argentinadatos.com
2026-01-31,IPC_variacion_mensual,2.9,argentinadatos.com
2026-02-28,IPC_variacion_mensual,2.9,argentinadatos.com
2026-03-31,IPC_variacion_mensual,3.4,argentinadatos.com
2026-04-30,IPC_variacion_mensual,2.6,argentinadatos.com
2022-01-01,TC_oficial_venta,108.0,argentinadatos.com
2022-01-02,TC_oficial_venta,108.0,argentinadatos.com
2022-01-03,TC_oficial_venta,108.0,argentinadatos.com
2022-01-04,TC_oficial_venta,109.0,argentinadatos.com
2022-01-05,TC_oficial_venta,109.0,argentinadatos.com
2022-01-06,TC_oficial_venta,109.0,argentinadatos.com
2022-01-07,TC_oficial_venta,109.0,argentinadatos.com
2022-01-08,TC_oficial_venta,109.0,argentinadatos.com
2022-01-09,TC_oficial_venta,109.0,argentinadatos.com
2022-01-10,TC_oficial_venta,109.0,argentinadatos.com
2022-01-11,TC_oficial_venta,109.0,argentinadatos.com
2022-01-12,TC_oficial_venta,109.0,argentinadatos.com
2022-01-13,TC_oficial_venta,109.0,argentinadatos.com
2022-01-14,TC_oficial_venta,109.0,argentinadatos.com
2022-01-15,TC_oficial_venta,109.0,argentinadatos.com
2022-01-16,TC_oficial_venta,109.0,argentinadatos.com
2022-01-17,TC_oficial_venta,109.0,argentinadatos.com
2022-01-18,TC_oficial_venta,110.0,argentinadatos.com
2022-01-19,TC_oficial_venta,110.0,argentinadatos.com
2022-01-20,TC_oficial_venta,110.0,argentinadatos.com
2022-01-21,TC_oficial_venta,110.0,argentinadatos.com
2022-01-22,TC_oficial_venta,110.0,argentinadatos.com
2022-01-23,TC_oficial_venta,110.0,argentinadatos.com
2022-01-24,TC_oficial_venta,110.0,argentinadatos.com
2022-01-25,TC_oficial_venta,110.0,argentinadatos.com
2022-01-26,TC_oficial_venta,110.0,argentinadatos.com
2022-01-27,TC_oficial_venta,110.0,argentinadatos.com
2022-01-28,TC_oficial_venta,111.0,argentinadatos.com
2022-01-29,TC_oficial_venta,111.0,argentinadatos.com
2022-01-30,TC_oficial_venta,111.0,argentinadatos.com
2022-01-31,TC_oficial_venta,111.0,argentinadatos.com
2022-02-01,TC_oficial_venta,111.0,argentinadatos.com
2022-02-02,TC_oficial_venta,111.0,argentinadatos.com
2022-02-03,TC_oficial_venta,111.0,argentinadatos.com
2022-02-04,TC_oficial_venta,111.0,argentinadatos.com
2022-02-05,TC_oficial_venta,111.0,argentinadatos.com
2022-02-06,TC_oficial_venta,111.0,argentinadatos.com
2022-02-07,TC_oficial_venta,111.0,argentinadatos.com
2022-02-08,TC_oficial_venta,111.0,argentinadatos.com
2022-02-09,TC_oficial_venta,112.0,argentinadatos.com
2022-02-10,TC_oficial_venta,112.0,argentinadatos.com
2022-02-11,TC_oficial_venta,112.0,argentinadatos.com
2022-02-12,TC_oficial_venta,112.0,argentinadatos.com
2022-02-13,TC_oficial_venta,112.0,argentinadatos.com
2022-02-14,TC_oficial_venta,112.0,argentinadatos.com
2022-02-15,TC_oficial_venta,112.0,argentinadatos.com
2022-02-16,TC_oficial_venta,112.0,argentinadatos.com
2022-02-17,TC_oficial_venta,112.0,argentinadatos.com
2022-02-18,TC_oficial_venta,112.0,argentinadatos.com
2022-02-19,TC_oficial_venta,112.0,argentinadatos.com
2022-02-20,TC_oficial_venta,112.0,argentinadatos.com
2022-02-21,TC_oficial_venta,113.0,argentinadatos.com
2022-02-22,TC_oficial_venta,113.0,argentinadatos.com
2022-02-23,TC_oficial_venta,113.0,argentinadatos.com
2022-02-24,TC_oficial_venta,113.0,argentinadatos.com
2022-02-25,TC_oficial_venta,113.0,argentinadatos.com
2022-02-26,TC_oficial_venta,113.0,argentinadatos.com
2022-02-27,TC_oficial_venta,113.0,argentinadatos.com
2022-02-28,TC_oficial_venta,113.0,argentinadatos.com
2022-03-01,TC_oficial_venta,113.0,argentinadatos.com
2022-03-02,TC_oficial_venta,113.0,argentinadatos.com
2022-03-03,TC_oficial_venta,113.0,argentinadatos.com
2022-03-04,TC_oficial_venta,114.0,argentinadatos.com
2022-03-05,TC_oficial_venta,114.0,argentinadatos.com
2022-03-06,TC_oficial_venta,114.0,argentinadatos.com
2022-03-07,TC_oficial_venta,114.0,argentinadatos.com
2022-03-08,TC_oficial_venta,114.0,argentinadatos.com
2022-03-09,TC_oficial_venta,114.0,argentinadatos.com
2022-03-10,TC_oficial_venta,114.0,argentinadatos.com
2022-03-11,TC_oficial_venta,114.0,argentinadatos.com
2022-03-12,TC_oficial_venta,114.0,argentinadatos.com
2022-03-13,TC_oficial_venta,114.0,argentinadatos.com
2022-03-14,TC_oficial_venta,115.0,argentinadatos.com
2022-03-15,TC_oficial_venta,115.0,argentinadatos.com
2022-03-16,TC_oficial_venta,115.0,argentinadatos.com
2022-03-17,TC_oficial_venta,115.0,argentinadatos.com
2022-03-18,TC_oficial_venta,115.0,argentinadatos.com
2022-03-19,TC_oficial_venta,115.0,argentinadatos.com
2022-03-20,TC_oficial_venta,115.0,argentinadatos.com
2022-03-21,TC_oficial_venta,115.0,argentinadatos.com
2022-03-22,TC_oficial_venta,115.0,argentinadatos.com
2022-03-23,TC_oficial_venta,116.0,argentinadatos.com
2022-03-24,TC_oficial_venta,116.0,argentinadatos.com
2022-03-25,TC_oficial_venta,116.0,argentinadatos.com
2022-03-26,TC_oficial_venta,116.0,argentinadatos.com
2022-03-27,TC_oficial_venta,116.0,argentinadatos.com
2022-03-28,TC_oficial_venta,116.0,argentinadatos.com
2022-03-29,TC_oficial_venta,116.0,argentinadatos.com
2022-03-30,TC_oficial_venta,116.0,argentinadatos.com
2022-03-31,TC_oficial_venta,116.0,argentinadatos.com
2022-04-01,TC_oficial_venta,117.0,argentinadatos.com
2022-04-02,TC_oficial_venta,117.0,argentinadatos.com
2022-04-03,TC_oficial_venta,117.0,argentinadatos.com
2022-04-04,TC_oficial_venta,117.0,argentinadatos.com
2022-04-05,TC_oficial_venta,117.0,argentinadatos.com
2022-04-06,TC_oficial_venta,117.0,argentinadatos.com
2022-04-07,TC_oficial_venta,118.0,argentinadatos.com
2022-04-08,TC_oficial_venta,118.0,argentinadatos.com
2022-04-09,TC_oficial_venta,118.0,argentinadatos.com
2022-04-10,TC_oficial_venta,118.0,argentinadatos.com
2022-04-11,TC_oficial_venta,118.0,argentinadatos.com
2022-04-12,TC_oficial_venta,118.0,argentinadatos.com
2022-04-13,TC_oficial_venta,118.0,argentinadatos.com
2022-04-14,TC_oficial_venta,118.0,argentinadatos.com
2022-04-15,TC_oficial_venta,118.0,argentinadatos.com
2022-04-16,TC_oficial_venta,118.0,argentinadatos.com
2022-04-17,TC_oficial_venta,118.0,argentinadatos.com
2022-04-18,TC_oficial_venta,119.0,argentinadatos.com
2022-04-19,TC_oficial_venta,119.0,argentinadatos.com
2022-04-20,TC_oficial_venta,119.0,argentinadatos.com
2022-04-21,TC_oficial_venta,120.0,argentinadatos.com
2022-04-22,TC_oficial_venta,120.0,argentinadatos.com
2022-04-23,TC_oficial_venta,120.0,argentinadatos.com
2022-04-24,TC_oficial_venta,120.0,argentinadatos.com
2022-04-25,TC_oficial_venta,120.0,argentinadatos.com
2022-04-26,TC_oficial_venta,120.0,argentinadatos.com
2022-04-27,TC_oficial_venta,120.0,argentinadatos.com
2022-04-28,TC_oficial_venta,120.0,argentinadatos.com
2022-04-29,TC_oficial_venta,121.0,argentinadatos.com
2022-04-30,TC_oficial_venta,121.0,argentinadatos.com
2022-05-01,TC_oficial_venta,121.0,argentinadatos.com
2022-05-02,TC_oficial_venta,121.0,argentinadatos.com
2022-05-03,TC_oficial_venta,121.0,argentinadatos.com
2022-05-04,TC_oficial_venta,121.0,argentinadatos.com
2022-05-05,TC_oficial_venta,122.0,argentinadatos.com
2022-05-06,TC_oficial_venta,122.0,argentinadatos.com
2022-05-07,TC_oficial_venta,122.0,argentinadatos.com
2022-05-08,TC_oficial_venta,122.0,argentinadatos.com
2022-05-09,TC_oficial_venta,122.0,argentinadatos.com
2022-05-10,TC_oficial_venta,122.0,argentinadatos.com
2022-05-11,TC_oficial_venta,122.0,argentinadatos.com
2022-05-12,TC_oficial_venta,123.0,argentinadatos.com
2022-05-13,TC_oficial_venta,123.0,argentinadatos.com
2022-05-14,TC_oficial_venta,123.0,argentinadatos.com
2022-05-15,TC_oficial_venta,123.0,argentinadatos.com
2022-05-16,TC_oficial_venta,123.0,argentinadatos.com
2022-05-17,TC_oficial_venta,124.0,argentinadatos.com
2022-05-18,TC_oficial_venta,124.0,argentinadatos.com
2022-05-19,TC_oficial_venta,124.0,argentinadatos.com
2022-05-20,TC_oficial_venta,124.0,argentinadatos.com
2022-05-21,TC_oficial_venta,124.0,argentinadatos.com
2022-05-22,TC_oficial_venta,124.0,argentinadatos.com
2022-05-23,TC_oficial_venta,124.0,argentinadatos.com
2022-05-24,TC_oficial_venta,124.0,argentinadatos.com
2022-05-25,TC_oficial_venta,124.0,argentinadatos.com
2022-05-26,TC_oficial_venta,125.0,argentinadatos.com
2022-05-27,TC_oficial_venta,125.0,argentinadatos.com
2022-05-28,TC_oficial_venta,125.0,argentinadatos.com
2022-05-29,TC_oficial_venta,125.0,argentinadatos.com
2022-05-30,TC_oficial_venta,125.0,argentinadatos.com
2022-05-31,TC_oficial_venta,125.0,argentinadatos.com
2022-06-01,TC_oficial_venta,126.0,argentinadatos.com
2022-06-02,TC_oficial_venta,126.0,argentinadatos.com
2022-06-03,TC_oficial_venta,126.0,argentinadatos.com
2022-06-04,TC_oficial_venta,126.0,argentinadatos.com
2022-06-05,TC_oficial_venta,126.0,argentinadatos.com
2022-06-06,TC_oficial_venta,127.0,argentinadatos.com
2022-06-07,TC_oficial_venta,127.0,argentinadatos.com
2022-06-08,TC_oficial_venta,127.0,argentinadatos.com
2022-06-09,TC_oficial_venta,127.0,argentinadatos.com
2022-06-10,TC_oficial_venta,127.0,argentinadatos.com
2022-06-11,TC_oficial_venta,127.0,argentinadatos.com
2022-06-12,TC_oficial_venta,127.0,argentinadatos.com
2022-06-13,TC_oficial_venta,128.0,argentinadatos.com
2022-06-14,TC_oficial_venta,128.0,argentinadatos.com
2022-06-15,TC_oficial_venta,128.0,argentinadatos.com
2022-06-16,TC_oficial_venta,128.0,argentinadatos.com
2022-06-17,TC_oficial_venta,128.0,argentinadatos.com
2022-06-18,TC_oficial_venta,128.0,argentinadatos.com
2022-06-19,TC_oficial_venta,128.0,argentinadatos.com
2022-06-20,TC_oficial_venta,128.0,argentinadatos.com
2022-06-21,TC_oficial_venta,129.0,argentinadatos.com
2022-06-22,TC_oficial_venta,129.0,argentinadatos.com
2022-06-23,TC_oficial_venta,129.0,argentinadatos.com
2022-06-24,TC_oficial_venta,129.0,argentinadatos.com
2022-06-25,TC_oficial_venta,129.0,argentinadatos.com
2022-06-26,TC_oficial_venta,129.0,argentinadatos.com
2022-06-27,TC_oficial_venta,130.0,argentinadatos.com
2022-06-28,TC_oficial_venta,130.0,argentinadatos.com
2022-06-29,TC_oficial_venta,130.0,argentinadatos.com
2022-06-30,TC_oficial_venta,130.0,argentinadatos.com
2022-07-01,TC_oficial_venta,131.0,argentinadatos.com
2022-07-02,TC_oficial_venta,131.0,argentinadatos.com
2022-07-03,TC_oficial_venta,131.0,argentinadatos.com
2022-07-04,TC_oficial_venta,132.0,argentinadatos.com
2022-07-05,TC_oficial_venta,133.0,argentinadatos.com
2022-07-06,TC_oficial_venta,133.0,argentinadatos.com
2022-07-07,TC_oficial_venta,133.0,argentinadatos.com
2022-07-08,TC_oficial_venta,134.0,argentinadatos.com
2022-07-09,TC_oficial_venta,134.0,argentinadatos.com
2022-07-10,TC_oficial_venta,134.0,argentinadatos.com
2022-07-11,TC_oficial_venta,135.0,argentinadatos.com
2022-07-12,TC_oficial_venta,135.0,argentinadatos.com
2022-07-13,TC_oficial_venta,135.0,argentinadatos.com
2022-07-14,TC_oficial_venta,135.0,argentinadatos.com
2022-07-15,TC_oficial_venta,135.0,argentinadatos.com
2022-07-16,TC_oficial_venta,135.0,argentinadatos.com
2022-07-17,TC_oficial_venta,135.0,argentinadatos.com
2022-07-18,TC_oficial_venta,136.0,argentinadatos.com
2022-07-19,TC_oficial_venta,136.0,argentinadatos.com
2022-07-20,TC_oficial_venta,136.0,argentinadatos.com
2022-07-21,TC_oficial_venta,136.0,argentinadatos.com
2022-07-22,TC_oficial_venta,137.0,argentinadatos.com
2022-07-23,TC_oficial_venta,137.0,argentinadatos.com
2022-07-24,TC_oficial_venta,137.0,argentinadatos.com
2022-07-25,TC_oficial_venta,137.0,argentinadatos.com
2022-07-26,TC_oficial_venta,137.0,argentinadatos.com
2022-07-27,TC_oficial_venta,138.0,argentinadatos.com
2022-07-28,TC_oficial_venta,138.0,argentinadatos.com
2022-07-29,TC_oficial_venta,138.0,argentinadatos.com
2022-07-30,TC_oficial_venta,138.0,argentinadatos.com
2022-07-31,TC_oficial_venta,138.0,argentinadatos.com
2022-08-01,TC_oficial_venta,139.0,argentinadatos.com
2022-08-02,TC_oficial_venta,139.0,argentinadatos.com
2022-08-03,TC_oficial_venta,139.0,argentinadatos.com
2022-08-04,TC_oficial_venta,140.0,argentinadatos.com
2022-08-05,TC_oficial_venta,140.0,argentinadatos.com
2022-08-06,TC_oficial_venta,140.0,argentinadatos.com
2022-08-07,TC_oficial_venta,140.0,argentinadatos.com
2022-08-08,TC_oficial_venta,140.0,argentinadatos.com
2022-08-09,TC_oficial_venta,141.0,argentinadatos.com
2022-08-10,TC_oficial_venta,141.0,argentinadatos.com
2022-08-11,TC_oficial_venta,141.0,argentinadatos.com
2022-08-12,TC_oficial_venta,142.0,argentinadatos.com
2022-08-13,TC_oficial_venta,142.0,argentinadatos.com
2022-08-14,TC_oficial_venta,142.0,argentinadatos.com
2022-08-15,TC_oficial_venta,142.0,argentinadatos.com
2022-08-16,TC_oficial_venta,142.0,argentinadatos.com
2022-08-17,TC_oficial_venta,143.0,argentinadatos.com
2022-08-18,TC_oficial_venta,142.0,argentinadatos.com
2022-08-19,TC_oficial_venta,143.0,argentinadatos.com
2022-08-20,TC_oficial_venta,143.0,argentinadatos.com
2022-08-21,TC_oficial_venta,143.0,argentinadatos.com
2022-08-22,TC_oficial_venta,144.0,argentinadatos.com
2022-08-23,TC_oficial_venta,144.0,argentinadatos.com
2022-08-24,TC_oficial_venta,144.0,argentinadatos.com
2022-08-25,TC_oficial_venta,145.0,argentinadatos.com
2022-08-26,TC_oficial_venta,145.0,argentinadatos.com
2022-08-27,TC_oficial_venta,145.0,argentinadatos.com
2022-08-28,TC_oficial_venta,145.0,argentinadatos.com
2022-08-29,TC_oficial_venta,145.0,argentinadatos.com
2022-08-30,TC_oficial_venta,146.0,argentinadatos.com
2022-08-31,TC_oficial_venta,146.0,argentinadatos.com
2022-09-01,TC_oficial_venta,146.0,argentinadatos.com
2022-09-02,TC_oficial_venta,146.0,argentinadatos.com
2022-09-03,TC_oficial_venta,146.0,argentinadatos.com
2022-09-04,TC_oficial_venta,146.0,argentinadatos.com
2022-09-05,TC_oficial_venta,147.0,argentinadatos.com
2022-09-06,TC_oficial_venta,147.0,argentinadatos.com
2022-09-07,TC_oficial_venta,148.0,argentinadatos.com
2022-09-08,TC_oficial_venta,148.0,argentinadatos.com
2022-09-09,TC_oficial_venta,148.0,argentinadatos.com
2022-09-10,TC_oficial_venta,148.0,argentinadatos.com
2022-09-11,TC_oficial_venta,148.0,argentinadatos.com
2022-09-12,TC_oficial_venta,149.0,argentinadatos.com
2022-09-13,TC_oficial_venta,150.0,argentinadatos.com
2022-09-14,TC_oficial_venta,150.0,argentinadatos.com
2022-09-15,TC_oficial_venta,150.0,argentinadatos.com
2022-09-16,TC_oficial_venta,150.0,argentinadatos.com
2022-09-17,TC_oficial_venta,150.0,argentinadatos.com
2022-09-18,TC_oficial_venta,150.0,argentinadatos.com
2022-09-19,TC_oficial_venta,151.0,argentinadatos.com
2022-09-20,TC_oficial_venta,151.0,argentinadatos.com
2022-09-21,TC_oficial_venta,152.0,argentinadatos.com
2022-09-22,TC_oficial_venta,152.0,argentinadatos.com
2022-09-23,TC_oficial_venta,152.0,argentinadatos.com
2022-09-24,TC_oficial_venta,152.0,argentinadatos.com
2022-09-25,TC_oficial_venta,152.0,argentinadatos.com
2022-09-26,TC_oficial_venta,153.0,argentinadatos.com
2022-09-27,TC_oficial_venta,153.0,argentinadatos.com
2022-09-28,TC_oficial_venta,154.0,argentinadatos.com
2022-09-29,TC_oficial_venta,154.0,argentinadatos.com
2022-09-30,TC_oficial_venta,154.0,argentinadatos.com
2022-10-01,TC_oficial_venta,154.0,argentinadatos.com
2022-10-02,TC_oficial_venta,154.0,argentinadatos.com
2022-10-03,TC_oficial_venta,155.0,argentinadatos.com
2022-10-04,TC_oficial_venta,156.0,argentinadatos.com
2022-10-05,TC_oficial_venta,156.0,argentinadatos.com
2022-10-06,TC_oficial_venta,156.0,argentinadatos.com
2022-10-07,TC_oficial_venta,156.0,argentinadatos.com
2022-10-08,TC_oficial_venta,156.0,argentinadatos.com
2022-10-09,TC_oficial_venta,156.0,argentinadatos.com
2022-10-10,TC_oficial_venta,156.0,argentinadatos.com
2022-10-11,TC_oficial_venta,158.0,argentinadatos.com
2022-10-12,TC_oficial_venta,158.0,argentinadatos.com
2022-10-13,TC_oficial_venta,158.0,argentinadatos.com
2022-10-14,TC_oficial_venta,158.0,argentinadatos.com
2022-10-15,TC_oficial_venta,158.0,argentinadatos.com
2022-10-16,TC_oficial_venta,158.0,argentinadatos.com
2022-10-17,TC_oficial_venta,159.0,argentinadatos.com
2022-10-18,TC_oficial_venta,160.0,argentinadatos.com
2022-10-19,TC_oficial_venta,160.0,argentinadatos.com
2022-10-20,TC_oficial_venta,160.0,argentinadatos.com
2022-10-21,TC_oficial_venta,161.0,argentinadatos.com
2022-10-22,TC_oficial_venta,161.0,argentinadatos.com
2022-10-23,TC_oficial_venta,161.0,argentinadatos.com
2022-10-24,TC_oficial_venta,162.0,argentinadatos.com
2022-10-25,TC_oficial_venta,162.0,argentinadatos.com
2022-10-26,TC_oficial_venta,162.0,argentinadatos.com
2022-10-27,TC_oficial_venta,162.0,argentinadatos.com
2022-10-28,TC_oficial_venta,163.0,argentinadatos.com
2022-10-29,TC_oficial_venta,163.0,argentinadatos.com
2022-10-30,TC_oficial_venta,163.0,argentinadatos.com
2022-10-31,TC_oficial_venta,164.0,argentinadatos.com
2022-11-01,TC_oficial_venta,164.0,argentinadatos.com
2022-11-02,TC_oficial_venta,164.0,argentinadatos.com
2022-11-03,TC_oficial_venta,165.0,argentinadatos.com
2022-11-04,TC_oficial_venta,165.0,argentinadatos.com
2022-11-05,TC_oficial_venta,165.0,argentinadatos.com
2022-11-06,TC_oficial_venta,165.0,argentinadatos.com
2022-11-07,TC_oficial_venta,166.0,argentinadatos.com
2022-11-08,TC_oficial_venta,167.0,argentinadatos.com
2022-11-09,TC_oficial_venta,167.0,argentinadatos.com
2022-11-10,TC_oficial_venta,168.0,argentinadatos.com
2022-11-11,TC_oficial_venta,168.0,argentinadatos.com
2022-11-12,TC_oficial_venta,168.0,argentinadatos.com
2022-11-13,TC_oficial_venta,168.0,argentinadatos.com
2022-11-14,TC_oficial_venta,169.0,argentinadatos.com
2022-11-15,TC_oficial_venta,169.0,argentinadatos.com
2022-11-16,TC_oficial_venta,170.0,argentinadatos.com
2022-11-17,TC_oficial_venta,170.0,argentinadatos.com
2022-11-18,TC_oficial_venta,170.0,argentinadatos.com
2022-11-19,TC_oficial_venta,170.0,argentinadatos.com
2022-11-20,TC_oficial_venta,170.0,argentinadatos.com
2022-11-21,TC_oficial_venta,170.0,argentinadatos.com
2022-11-22,TC_oficial_venta,172.0,argentinadatos.com
2022-11-23,TC_oficial_venta,172.0,argentinadatos.com
2022-11-24,TC_oficial_venta,172.0,argentinadatos.com
2022-11-25,TC_oficial_venta,172.0,argentinadatos.com
2022-11-26,TC_oficial_venta,172.0,argentinadatos.com
2022-11-27,TC_oficial_venta,172.0,argentinadatos.com
2022-11-28,TC_oficial_venta,174.0,argentinadatos.com
2022-11-29,TC_oficial_venta,174.0,argentinadatos.com
2022-11-30,TC_oficial_venta,175.0,argentinadatos.com
2022-12-01,TC_oficial_venta,175.0,argentinadatos.com
2022-12-02,TC_oficial_venta,175.0,argentinadatos.com
2022-12-03,TC_oficial_venta,175.0,argentinadatos.com
2022-12-04,TC_oficial_venta,175.0,argentinadatos.com
2022-12-05,TC_oficial_venta,176.0,argentinadatos.com
2022-12-06,TC_oficial_venta,177.0,argentinadatos.com
2022-12-07,TC_oficial_venta,177.0,argentinadatos.com
2022-12-08,TC_oficial_venta,177.0,argentinadatos.com
2022-12-09,TC_oficial_venta,177.0,argentinadatos.com
2022-12-10,TC_oficial_venta,177.0,argentinadatos.com
2022-12-11,TC_oficial_venta,177.0,argentinadatos.com
2022-12-12,TC_oficial_venta,179.0,argentinadatos.com
2022-12-13,TC_oficial_venta,179.0,argentinadatos.com
2022-12-14,TC_oficial_venta,179.0,argentinadatos.com
2022-12-15,TC_oficial_venta,179.0,argentinadatos.com
2022-12-16,TC_oficial_venta,180.0,argentinadatos.com
2022-12-17,TC_oficial_venta,180.0,argentinadatos.com
2022-12-18,TC_oficial_venta,180.0,argentinadatos.com
2022-12-19,TC_oficial_venta,181.0,argentinadatos.com
2022-12-20,TC_oficial_venta,181.0,argentinadatos.com
2022-12-21,TC_oficial_venta,181.0,argentinadatos.com
2022-12-22,TC_oficial_venta,181.0,argentinadatos.com
2022-12-23,TC_oficial_venta,182.0,argentinadatos.com
2022-12-24,TC_oficial_venta,182.0,argentinadatos.com
2022-12-25,TC_oficial_venta,182.0,argentinadatos.com
2022-12-26,TC_oficial_venta,183.0,argentinadatos.com
2022-12-27,TC_oficial_venta,183.0,argentinadatos.com
2022-12-28,TC_oficial_venta,184.0,argentinadatos.com
2022-12-29,TC_oficial_venta,184.0,argentinadatos.com
2022-12-30,TC_oficial_venta,185.0,argentinadatos.com
2022-12-31,TC_oficial_venta,185.0,argentinadatos.com
2023-01-01,TC_oficial_venta,185.0,argentinadatos.com
2023-01-02,TC_oficial_venta,185.0,argentinadatos.com
2023-01-03,TC_oficial_venta,186.0,argentinadatos.com
2023-01-04,TC_oficial_venta,186.0,argentinadatos.com
2023-01-05,TC_oficial_venta,186.0,argentinadatos.com
2023-01-06,TC_oficial_venta,187.0,argentinadatos.com
2023-01-07,TC_oficial_venta,187.0,argentinadatos.com
2023-01-08,TC_oficial_venta,187.0,argentinadatos.com
2023-01-09,TC_oficial_venta,188.0,argentinadatos.com
2023-01-10,TC_oficial_venta,188.0,argentinadatos.com
2023-01-11,TC_oficial_venta,188.0,argentinadatos.com
2023-01-12,TC_oficial_venta,188.0,argentinadatos.com
2023-01-13,TC_oficial_venta,189.0,argentinadatos.com
2023-01-14,TC_oficial_venta,189.0,argentinadatos.com
2023-01-15,TC_oficial_venta,189.0,argentinadatos.com
2023-01-16,TC_oficial_venta,189.0,argentinadatos.com
2023-01-17,TC_oficial_venta,190.0,argentinadatos.com
2023-01-18,TC_oficial_venta,190.0,argentinadatos.com
2023-01-19,TC_oficial_venta,190.0,argentinadatos.com
2023-01-20,TC_oficial_venta,191.0,argentinadatos.com
2023-01-21,TC_oficial_venta,191.0,argentinadatos.com
2023-01-22,TC_oficial_venta,191.0,argentinadatos.com
2023-01-23,TC_oficial_venta,192.0,argentinadatos.com
2023-01-24,TC_oficial_venta,192.0,argentinadatos.com
2023-01-25,TC_oficial_venta,192.0,argentinadatos.com
2023-01-26,TC_oficial_venta,193.0,argentinadatos.com
2023-01-27,TC_oficial_venta,193.0,argentinadatos.com
2023-01-28,TC_oficial_venta,193.0,argentinadatos.com
2023-01-29,TC_oficial_venta,193.0,argentinadatos.com
2023-01-30,TC_oficial_venta,194.0,argentinadatos.com
2023-01-31,TC_oficial_venta,194.0,argentinadatos.com
2023-02-01,TC_oficial_venta,195.0,argentinadatos.com
2023-02-02,TC_oficial_venta,195.0,argentinadatos.com
2023-02-03,TC_oficial_venta,195.0,argentinadatos.com
2023-02-04,TC_oficial_venta,195.0,argentinadatos.com
2023-02-05,TC_oficial_venta,195.0,argentinadatos.com
2023-02-06,TC_oficial_venta,197.0,argentinadatos.com
2023-02-07,TC_oficial_venta,197.0,argentinadatos.com
2023-02-08,TC_oficial_venta,197.0,argentinadatos.com
2023-02-09,TC_oficial_venta,197.0,argentinadatos.com
2023-02-10,TC_oficial_venta,198.0,argentinadatos.com
2023-02-11,TC_oficial_venta,198.0,argentinadatos.com
2023-02-12,TC_oficial_venta,198.0,argentinadatos.com
2023-02-13,TC_oficial_venta,199.0,argentinadatos.com
2023-02-14,TC_oficial_venta,199.0,argentinadatos.com
2023-02-15,TC_oficial_venta,199.0,argentinadatos.com
2023-02-16,TC_oficial_venta,200.0,argentinadatos.com
2023-02-17,TC_oficial_venta,201.0,argentinadatos.com
2023-02-18,TC_oficial_venta,201.0,argentinadatos.com
2023-02-19,TC_oficial_venta,201.0,argentinadatos.com
2023-02-20,TC_oficial_venta,201.0,argentinadatos.com
2023-02-21,TC_oficial_venta,201.0,argentinadatos.com
2023-02-22,TC_oficial_venta,202.0,argentinadatos.com
2023-02-23,TC_oficial_venta,202.0,argentinadatos.com
2023-02-24,TC_oficial_venta,203.0,argentinadatos.com
2023-02-25,TC_oficial_venta,203.0,argentinadatos.com
2023-02-26,TC_oficial_venta,203.0,argentinadatos.com
2023-02-27,TC_oficial_venta,204.0,argentinadatos.com
2023-02-28,TC_oficial_venta,204.0,argentinadatos.com
2023-03-01,TC_oficial_venta,205.0,argentinadatos.com
2023-03-02,TC_oficial_venta,205.0,argentinadatos.com
2023-03-03,TC_oficial_venta,206.0,argentinadatos.com
2023-03-04,TC_oficial_venta,206.0,argentinadatos.com
2023-03-05,TC_oficial_venta,206.0,argentinadatos.com
2023-03-06,TC_oficial_venta,207.0,argentinadatos.com
2023-03-07,TC_oficial_venta,207.0,argentinadatos.com
2023-03-08,TC_oficial_venta,207.0,argentinadatos.com
2023-03-09,TC_oficial_venta,207.0,argentinadatos.com
2023-03-10,TC_oficial_venta,208.0,argentinadatos.com
2023-03-11,TC_oficial_venta,208.0,argentinadatos.com
2023-03-12,TC_oficial_venta,208.0,argentinadatos.com
2023-03-13,TC_oficial_venta,209.0,argentinadatos.com
2023-03-14,TC_oficial_venta,209.0,argentinadatos.com
2023-03-15,TC_oficial_venta,210.0,argentinadatos.com
2023-03-16,TC_oficial_venta,210.0,argentinadatos.com
2023-03-17,TC_oficial_venta,211.0,argentinadatos.com
2023-03-18,TC_oficial_venta,211.0,argentinadatos.com
2023-03-19,TC_oficial_venta,211.0,argentinadatos.com
2023-03-20,TC_oficial_venta,212.0,argentinadatos.com
2023-03-21,TC_oficial_venta,212.0,argentinadatos.com
2023-03-22,TC_oficial_venta,213.0,argentinadatos.com
2023-03-23,TC_oficial_venta,213.0,argentinadatos.com
2023-03-24,TC_oficial_venta,213.0,argentinadatos.com
2023-03-25,TC_oficial_venta,213.0,argentinadatos.com
2023-03-26,TC_oficial_venta,213.0,argentinadatos.com
2023-03-27,TC_oficial_venta,214.0,argentinadatos.com
2023-03-28,TC_oficial_venta,215.0,argentinadatos.com
2023-03-29,TC_oficial_venta,216.0,argentinadatos.com
2023-03-30,TC_oficial_venta,216.0,argentinadatos.com
2023-03-31,TC_oficial_venta,216.0,argentinadatos.com
2023-04-01,TC_oficial_venta,216.0,argentinadatos.com
2023-04-02,TC_oficial_venta,216.0,argentinadatos.com
2023-04-03,TC_oficial_venta,217.0,argentinadatos.com
2023-04-04,TC_oficial_venta,218.0,argentinadatos.com
2023-04-05,TC_oficial_venta,219.0,argentinadatos.com
2023-04-06,TC_oficial_venta,219.0,argentinadatos.com
2023-04-07,TC_oficial_venta,219.0,argentinadatos.com
2023-04-08,TC_oficial_venta,219.0,argentinadatos.com
2023-04-09,TC_oficial_venta,219.0,argentinadatos.com
2023-04-10,TC_oficial_venta,221.0,argentinadatos.com
2023-04-11,TC_oficial_venta,221.0,argentinadatos.com
2023-04-12,TC_oficial_venta,221.0,argentinadatos.com
2023-04-13,TC_oficial_venta,222.0,argentinadatos.com
2023-04-14,TC_oficial_venta,222.0,argentinadatos.com
2023-04-15,TC_oficial_venta,222.0,argentinadatos.com
2023-04-16,TC_oficial_venta,222.0,argentinadatos.com
2023-04-17,TC_oficial_venta,223.0,argentinadatos.com
2023-04-18,TC_oficial_venta,224.0,argentinadatos.com
2023-04-19,TC_oficial_venta,225.0,argentinadatos.com
2023-04-20,TC_oficial_venta,225.0,argentinadatos.com
2023-04-21,TC_oficial_venta,226.0,argentinadatos.com
2023-04-22,TC_oficial_venta,226.0,argentinadatos.com
2023-04-23,TC_oficial_venta,226.0,argentinadatos.com
2023-04-24,TC_oficial_venta,227.0,argentinadatos.com
2023-04-25,TC_oficial_venta,228.0,argentinadatos.com
2023-04-26,TC_oficial_venta,228.0,argentinadatos.com
2023-04-27,TC_oficial_venta,229.0,argentinadatos.com
2023-04-28,TC_oficial_venta,230.0,argentinadatos.com
2023-04-29,TC_oficial_venta,230.0,argentinadatos.com
2023-04-30,TC_oficial_venta,230.0,argentinadatos.com
2023-05-01,TC_oficial_venta,230.0,argentinadatos.com
2023-05-02,TC_oficial_venta,232.0,argentinadatos.com
2023-05-03,TC_oficial_venta,233.0,argentinadatos.com
2023-05-04,TC_oficial_venta,234.0,argentinadatos.com
2023-05-05,TC_oficial_venta,236.0,argentinadatos.com
2023-05-06,TC_oficial_venta,236.0,argentinadatos.com
2023-05-07,TC_oficial_venta,236.0,argentinadatos.com
2023-05-08,TC_oficial_venta,238.0,argentinadatos.com
2023-05-09,TC_oficial_venta,239.0,argentinadatos.com
2023-05-10,TC_oficial_venta,240.0,argentinadatos.com
2023-05-11,TC_oficial_venta,240.0,argentinadatos.com
2023-05-12,TC_oficial_venta,240.0,argentinadatos.com
2023-05-13,TC_oficial_venta,240.0,argentinadatos.com
2023-05-14,TC_oficial_venta,240.0,argentinadatos.com
2023-05-15,TC_oficial_venta,241.0,argentinadatos.com
2023-05-16,TC_oficial_venta,242.0,argentinadatos.com
2023-05-17,TC_oficial_venta,243.0,argentinadatos.com
2023-05-18,TC_oficial_venta,243.0,argentinadatos.com
2023-05-19,TC_oficial_venta,244.0,argentinadatos.com
2023-05-20,TC_oficial_venta,244.0,argentinadatos.com
2023-05-21,TC_oficial_venta,244.0,argentinadatos.com
2023-05-22,TC_oficial_venta,245.0,argentinadatos.com
2023-05-23,TC_oficial_venta,246.0,argentinadatos.com
2023-05-24,TC_oficial_venta,247.0,argentinadatos.com
2023-05-25,TC_oficial_venta,247.0,argentinadatos.com
2023-05-26,TC_oficial_venta,247.0,argentinadatos.com
2023-05-27,TC_oficial_venta,247.0,argentinadatos.com
2023-05-28,TC_oficial_venta,247.0,argentinadatos.com
2023-05-29,TC_oficial_venta,249.0,argentinadatos.com
2023-05-30,TC_oficial_venta,250.0,argentinadatos.com
2023-05-31,TC_oficial_venta,250.0,argentinadatos.com
2023-06-01,TC_oficial_venta,251.0,argentinadatos.com
2023-06-02,TC_oficial_venta,252.0,argentinadatos.com
2023-06-03,TC_oficial_venta,252.0,argentinadatos.com
2023-06-04,TC_oficial_venta,252.0,argentinadatos.com
2023-06-05,TC_oficial_venta,254.0,argentinadatos.com
2023-06-06,TC_oficial_venta,255.0,argentinadatos.com
2023-06-07,TC_oficial_venta,255.0,argentinadatos.com
2023-06-08,TC_oficial_venta,256.0,argentinadatos.com
2023-06-09,TC_oficial_venta,257.0,argentinadatos.com
2023-06-10,TC_oficial_venta,257.0,argentinadatos.com
2023-06-11,TC_oficial_venta,257.0,argentinadatos.com
2023-06-12,TC_oficial_venta,259.0,argentinadatos.com
2023-06-13,TC_oficial_venta,259.0,argentinadatos.com
2023-06-14,TC_oficial_venta,260.0,argentinadatos.com
2023-06-15,TC_oficial_venta,261.0,argentinadatos.com
2023-06-16,TC_oficial_venta,262.0,argentinadatos.com
2023-06-17,TC_oficial_venta,262.0,argentinadatos.com
2023-06-18,TC_oficial_venta,262.0,argentinadatos.com
2023-06-19,TC_oficial_venta,262.0,argentinadatos.com
2023-06-20,TC_oficial_venta,262.0,argentinadatos.com
2023-06-21,TC_oficial_venta,264.0,argentinadatos.com
2023-06-22,TC_oficial_venta,265.0,argentinadatos.com
2023-06-23,TC_oficial_venta,266.0,argentinadatos.com
2023-06-24,TC_oficial_venta,266.0,argentinadatos.com
2023-06-25,TC_oficial_venta,266.0,argentinadatos.com
2023-06-26,TC_oficial_venta,267.0,argentinadatos.com
2023-06-27,TC_oficial_venta,268.0,argentinadatos.com
2023-06-28,TC_oficial_venta,268.0,argentinadatos.com
2023-06-29,TC_oficial_venta,269.0,argentinadatos.com
2023-06-30,TC_oficial_venta,270.0,argentinadatos.com
2023-07-01,TC_oficial_venta,270.0,argentinadatos.com
2023-07-02,TC_oficial_venta,270.0,argentinadatos.com
2023-07-03,TC_oficial_venta,272.0,argentinadatos.com
2023-07-04,TC_oficial_venta,272.0,argentinadatos.com
2023-07-05,TC_oficial_venta,273.0,argentinadatos.com
2023-07-06,TC_oficial_venta,274.0,argentinadatos.com
2023-07-07,TC_oficial_venta,274.0,argentinadatos.com
2023-07-08,TC_oficial_venta,274.0,argentinadatos.com
2023-07-09,TC_oficial_venta,274.0,argentinadatos.com
2023-07-10,TC_oficial_venta,276.0,argentinadatos.com
2023-07-11,TC_oficial_venta,277.0,argentinadatos.com
2023-07-12,TC_oficial_venta,277.0,argentinadatos.com
2023-07-13,TC_oficial_venta,278.0,argentinadatos.com
2023-07-14,TC_oficial_venta,278.0,argentinadatos.com
2023-07-15,TC_oficial_venta,278.0,argentinadatos.com
2023-07-16,TC_oficial_venta,278.0,argentinadatos.com
2023-07-17,TC_oficial_venta,280.0,argentinadatos.com
2023-07-18,TC_oficial_venta,281.0,argentinadatos.com
2023-07-19,TC_oficial_venta,281.0,argentinadatos.com
2023-07-20,TC_oficial_venta,282.0,argentinadatos.com
2023-07-21,TC_oficial_venta,283.0,argentinadatos.com
2023-07-22,TC_oficial_venta,283.0,argentinadatos.com
2023-07-23,TC_oficial_venta,283.0,argentinadatos.com
2023-07-24,TC_oficial_venta,284.0,argentinadatos.com
2023-07-25,TC_oficial_venta,285.0,argentinadatos.com
2023-07-26,TC_oficial_venta,285.0,argentinadatos.com
2023-07-27,TC_oficial_venta,286.0,argentinadatos.com
2023-07-28,TC_oficial_venta,287.0,argentinadatos.com
2023-07-29,TC_oficial_venta,287.0,argentinadatos.com
2023-07-30,TC_oficial_venta,287.0,argentinadatos.com
2023-07-31,TC_oficial_venta,288.0,argentinadatos.com
2023-08-01,TC_oficial_venta,289.0,argentinadatos.com
2023-08-02,TC_oficial_venta,290.0,argentinadatos.com
2023-08-03,TC_oficial_venta,291.0,argentinadatos.com
2023-08-04,TC_oficial_venta,292.0,argentinadatos.com
2023-08-05,TC_oficial_venta,292.0,argentinadatos.com
2023-08-06,TC_oficial_venta,292.0,argentinadatos.com
2023-08-07,TC_oficial_venta,295.0,argentinadatos.com
2023-08-08,TC_oficial_venta,297.0,argentinadatos.com
2023-08-09,TC_oficial_venta,298.0,argentinadatos.com
2023-08-10,TC_oficial_venta,299.0,argentinadatos.com
2023-08-11,TC_oficial_venta,300.0,argentinadatos.com
2023-08-12,TC_oficial_venta,300.0,argentinadatos.com
2023-08-13,TC_oficial_venta,300.0,argentinadatos.com
2023-08-14,TC_oficial_venta,366.0,argentinadatos.com
2023-08-15,TC_oficial_venta,367.0,argentinadatos.com
2023-08-16,TC_oficial_venta,367.0,argentinadatos.com
2023-08-17,TC_oficial_venta,367.0,argentinadatos.com
2023-08-18,TC_oficial_venta,367.0,argentinadatos.com
2023-08-19,TC_oficial_venta,367.0,argentinadatos.com
2023-08-20,TC_oficial_venta,367.0,argentinadatos.com
2023-08-21,TC_oficial_venta,367.0,argentinadatos.com
2023-08-22,TC_oficial_venta,367.0,argentinadatos.com
2023-08-23,TC_oficial_venta,367.0,argentinadatos.com
2023-08-24,TC_oficial_venta,367.0,argentinadatos.com
2023-08-25,TC_oficial_venta,367.0,argentinadatos.com
2023-08-26,TC_oficial_venta,367.0,argentinadatos.com
2023-08-27,TC_oficial_venta,367.0,argentinadatos.com
2023-08-28,TC_oficial_venta,367.0,argentinadatos.com
2023-08-29,TC_oficial_venta,367.0,argentinadatos.com
2023-08-30,TC_oficial_venta,367.0,argentinadatos.com
2023-08-31,TC_oficial_venta,367.0,argentinadatos.com
2023-09-01,TC_oficial_venta,367.0,argentinadatos.com
2023-09-02,TC_oficial_venta,367.0,argentinadatos.com
2023-09-03,TC_oficial_venta,367.0,argentinadatos.com
2023-09-04,TC_oficial_venta,367.0,argentinadatos.com
2023-09-05,TC_oficial_venta,367.0,argentinadatos.com
2023-09-06,TC_oficial_venta,367.0,argentinadatos.com
2023-09-07,TC_oficial_venta,367.0,argentinadatos.com
2023-09-08,TC_oficial_venta,366.64,argentinadatos.com
2023-09-09,TC_oficial_venta,366.64,argentinadatos.com
2023-09-10,TC_oficial_venta,366.64,argentinadatos.com
2023-09-11,TC_oficial_venta,366.64,argentinadatos.com
2023-09-12,TC_oficial_venta,366.64,argentinadatos.com
2023-09-13,TC_oficial_venta,366.64,argentinadatos.com
2023-09-14,TC_oficial_venta,366.65,argentinadatos.com
2023-09-15,TC_oficial_venta,366.64,argentinadatos.com
2023-09-16,TC_oficial_venta,366.64,argentinadatos.com
2023-09-17,TC_oficial_venta,366.64,argentinadatos.com
2023-09-18,TC_oficial_venta,366.64,argentinadatos.com
2023-09-19,TC_oficial_venta,366.64,argentinadatos.com
2023-09-20,TC_oficial_venta,366.64,argentinadatos.com
2023-09-21,TC_oficial_venta,366.64,argentinadatos.com
2023-09-22,TC_oficial_venta,366.65,argentinadatos.com
2023-09-23,TC_oficial_venta,366.65,argentinadatos.com
2023-09-24,TC_oficial_venta,366.65,argentinadatos.com
2023-09-25,TC_oficial_venta,366.64,argentinadatos.com
2023-09-26,TC_oficial_venta,366.7,argentinadatos.com
2023-09-27,TC_oficial_venta,366.91,argentinadatos.com
2023-09-28,TC_oficial_venta,366.9,argentinadatos.com
2023-09-29,TC_oficial_venta,366.9,argentinadatos.com
2023-09-30,TC_oficial_venta,366.9,argentinadatos.com
2023-10-01,TC_oficial_venta,366.9,argentinadatos.com
2023-10-02,TC_oficial_venta,366.86,argentinadatos.com
2023-10-03,TC_oficial_venta,366.91,argentinadatos.com
2023-10-04,TC_oficial_venta,367.23,argentinadatos.com
2023-10-05,TC_oficial_venta,367.23,argentinadatos.com
2023-10-06,TC_oficial_venta,367.23,argentinadatos.com
2023-10-07,TC_oficial_venta,367.23,argentinadatos.com
2023-10-08,TC_oficial_venta,367.23,argentinadatos.com
2023-10-09,TC_oficial_venta,367.24,argentinadatos.com
2023-10-10,TC_oficial_venta,367.39,argentinadatos.com
2023-10-11,TC_oficial_venta,367.39,argentinadatos.com
2023-10-12,TC_oficial_venta,367.39,argentinadatos.com
2023-10-13,TC_oficial_venta,367.39,argentinadatos.com
2023-10-14,TC_oficial_venta,367.39,argentinadatos.com
2023-10-15,TC_oficial_venta,367.39,argentinadatos.com
2023-10-16,TC_oficial_venta,367.17,argentinadatos.com
2023-10-17,TC_oficial_venta,368.19,argentinadatos.com
2023-10-18,TC_oficial_venta,368.6,argentinadatos.com
2023-10-19,TC_oficial_venta,368.6,argentinadatos.com
2023-10-20,TC_oficial_venta,368.6,argentinadatos.com
2023-10-21,TC_oficial_venta,368.6,argentinadatos.com
2023-10-22,TC_oficial_venta,368.6,argentinadatos.com
2023-10-23,TC_oficial_venta,368.6,argentinadatos.com
2023-10-24,TC_oficial_venta,368.6,argentinadatos.com
2023-10-25,TC_oficial_venta,368.6,argentinadatos.com
2023-10-26,TC_oficial_venta,368.6,argentinadatos.com
2023-10-27,TC_oficial_venta,368.6,argentinadatos.com
2023-10-28,TC_oficial_venta,368.6,argentinadatos.com
2023-10-29,TC_oficial_venta,368.6,argentinadatos.com
2023-10-30,TC_oficial_venta,368.6,argentinadatos.com
2023-10-31,TC_oficial_venta,368.6,argentinadatos.com
2023-11-01,TC_oficial_venta,368.6,argentinadatos.com
2023-11-02,TC_oficial_venta,368.6,argentinadatos.com
2023-11-03,TC_oficial_venta,368.6,argentinadatos.com
2023-11-04,TC_oficial_venta,368.6,argentinadatos.com
2023-11-05,TC_oficial_venta,368.6,argentinadatos.com
2023-11-06,TC_oficial_venta,365.5,argentinadatos.com
2023-11-07,TC_oficial_venta,365.5,argentinadatos.com
2023-11-08,TC_oficial_venta,365.5,argentinadatos.com
2023-11-09,TC_oficial_venta,365.5,argentinadatos.com
2023-11-10,TC_oficial_venta,365.5,argentinadatos.com
2023-11-11,TC_oficial_venta,365.5,argentinadatos.com
2023-11-12,TC_oficial_venta,365.5,argentinadatos.com
2023-11-13,TC_oficial_venta,365.5,argentinadatos.com
2023-11-14,TC_oficial_venta,365.5,argentinadatos.com
2023-11-15,TC_oficial_venta,368.5,argentinadatos.com
2023-11-16,TC_oficial_venta,369.0,argentinadatos.com
2023-11-17,TC_oficial_venta,369.5,argentinadatos.com
2023-11-18,TC_oficial_venta,369.5,argentinadatos.com
2023-11-19,TC_oficial_venta,369.5,argentinadatos.com
2023-11-20,TC_oficial_venta,369.5,argentinadatos.com
2023-11-21,TC_oficial_venta,371.5,argentinadatos.com
2023-11-22,TC_oficial_venta,372.0,argentinadatos.com
2023-11-23,TC_oficial_venta,372.5,argentinadatos.com
2023-11-24,TC_oficial_venta,373.0,argentinadatos.com
2023-11-25,TC_oficial_venta,373.0,argentinadatos.com
2023-11-26,TC_oficial_venta,373.0,argentinadatos.com
2023-11-27,TC_oficial_venta,374.5,argentinadatos.com
2023-11-28,TC_oficial_venta,375.0,argentinadatos.com
2023-11-29,TC_oficial_venta,375.5,argentinadatos.com
2023-11-30,TC_oficial_venta,376.0,argentinadatos.com
2023-12-01,TC_oficial_venta,376.5,argentinadatos.com
2023-12-02,TC_oficial_venta,376.5,argentinadatos.com
2023-12-03,TC_oficial_venta,376.5,argentinadatos.com
2023-12-04,TC_oficial_venta,378.0,argentinadatos.com
2023-12-05,TC_oficial_venta,378.5,argentinadatos.com
2023-12-06,TC_oficial_venta,379.0,argentinadatos.com
2023-12-07,TC_oficial_venta,400.5,argentinadatos.com
2023-12-08,TC_oficial_venta,400.5,argentinadatos.com
2023-12-09,TC_oficial_venta,400.5,argentinadatos.com
2023-12-10,TC_oficial_venta,400.5,argentinadatos.com
2023-12-11,TC_oficial_venta,400.5,argentinadatos.com
2023-12-12,TC_oficial_venta,400.5,argentinadatos.com
2023-12-13,TC_oficial_venta,820.0,argentinadatos.com
2023-12-14,TC_oficial_venta,820.62,argentinadatos.com
2023-12-15,TC_oficial_venta,821.0,argentinadatos.com
2023-12-16,TC_oficial_venta,821.0,argentinadatos.com
2023-12-17,TC_oficial_venta,821.0,argentinadatos.com
2023-12-18,TC_oficial_venta,822.5,argentinadatos.com
2023-12-19,TC_oficial_venta,823.0,argentinadatos.com
2023-12-20,TC_oficial_venta,823.5,argentinadatos.com
2023-12-21,TC_oficial_venta,824.0,argentinadatos.com
2023-12-22,TC_oficial_venta,824.5,argentinadatos.com
2023-12-23,TC_oficial_venta,824.5,argentinadatos.com
2023-12-24,TC_oficial_venta,824.5,argentinadatos.com
2023-12-25,TC_oficial_venta,824.5,argentinadatos.com
2023-12-26,TC_oficial_venta,826.75,argentinadatos.com
2023-12-27,TC_oficial_venta,827.25,argentinadatos.com
2023-12-28,TC_oficial_venta,827.75,argentinadatos.com
2023-12-29,TC_oficial_venta,828.25,argentinadatos.com
2023-12-30,TC_oficial_venta,828.25,argentinadatos.com
2023-12-31,TC_oficial_venta,828.25,argentinadatos.com
2024-01-01,TC_oficial_venta,828.25,argentinadatos.com
2024-01-02,TC_oficial_venta,830.25,argentinadatos.com
2024-01-03,TC_oficial_venta,831.0,argentinadatos.com
2024-01-04,TC_oficial_venta,831.5,argentinadatos.com
2024-01-05,TC_oficial_venta,832.0,argentinadatos.com
2024-01-06,TC_oficial_venta,832.0,argentinadatos.com
2024-01-07,TC_oficial_venta,832.0,argentinadatos.com
2024-01-08,TC_oficial_venta,833.5,argentinadatos.com
2024-01-09,TC_oficial_venta,834.0,argentinadatos.com
2024-01-10,TC_oficial_venta,834.5,argentinadatos.com
2024-01-11,TC_oficial_venta,835.0,argentinadatos.com
2024-01-12,TC_oficial_venta,835.5,argentinadatos.com
2024-01-13,TC_oficial_venta,835.5,argentinadatos.com
2024-01-14,TC_oficial_venta,835.5,argentinadatos.com
2024-01-15,TC_oficial_venta,837.25,argentinadatos.com
2024-01-16,TC_oficial_venta,837.75,argentinadatos.com
2024-01-17,TC_oficial_venta,838.25,argentinadatos.com
2024-01-18,TC_oficial_venta,838.75,argentinadatos.com
2024-01-19,TC_oficial_venta,839.25,argentinadatos.com
2024-01-20,TC_oficial_venta,839.25,argentinadatos.com
2024-01-21,TC_oficial_venta,839.25,argentinadatos.com
2024-01-22,TC_oficial_venta,840.75,argentinadatos.com
2024-01-23,TC_oficial_venta,841.25,argentinadatos.com
2024-01-24,TC_oficial_venta,841.75,argentinadatos.com
2024-01-25,TC_oficial_venta,842.25,argentinadatos.com
2024-01-26,TC_oficial_venta,842.75,argentinadatos.com
2024-01-27,TC_oficial_venta,842.75,argentinadatos.com
2024-01-28,TC_oficial_venta,842.75,argentinadatos.com
2024-01-29,TC_oficial_venta,844.5,argentinadatos.com
2024-01-30,TC_oficial_venta,845.0,argentinadatos.com
2024-01-31,TC_oficial_venta,845.5,argentinadatos.com
2024-02-01,TC_oficial_venta,846.0,argentinadatos.com
2024-02-02,TC_oficial_venta,846.5,argentinadatos.com
2024-02-03,TC_oficial_venta,846.5,argentinadatos.com
2024-02-04,TC_oficial_venta,846.5,argentinadatos.com
2024-02-05,TC_oficial_venta,848.0,argentinadatos.com
2024-02-06,TC_oficial_venta,848.5,argentinadatos.com
2024-02-07,TC_oficial_venta,849.0,argentinadatos.com
2024-02-08,TC_oficial_venta,849.5,argentinadatos.com
2024-02-09,TC_oficial_venta,850.0,argentinadatos.com
2024-02-10,TC_oficial_venta,850.0,argentinadatos.com
2024-02-11,TC_oficial_venta,850.0,argentinadatos.com
2024-02-12,TC_oficial_venta,850.0,argentinadatos.com
2024-02-13,TC_oficial_venta,850.0,argentinadatos.com
2024-02-14,TC_oficial_venta,853.0,argentinadatos.com
2024-02-15,TC_oficial_venta,853.5,argentinadatos.com
2024-02-16,TC_oficial_venta,854.0,argentinadatos.com
2024-02-17,TC_oficial_venta,854.0,argentinadatos.com
2024-02-18,TC_oficial_venta,854.0,argentinadatos.com
2024-02-19,TC_oficial_venta,855.5,argentinadatos.com
2024-02-20,TC_oficial_venta,856.0,argentinadatos.com
2024-02-21,TC_oficial_venta,856.5,argentinadatos.com
2024-02-22,TC_oficial_venta,857.0,argentinadatos.com
2024-02-23,TC_oficial_venta,857.5,argentinadatos.com
2024-02-24,TC_oficial_venta,857.5,argentinadatos.com
2024-02-25,TC_oficial_venta,857.5,argentinadatos.com
2024-02-26,TC_oficial_venta,859.5,argentinadatos.com
2024-02-27,TC_oficial_venta,860.0,argentinadatos.com
2024-02-28,TC_oficial_venta,860.5,argentinadatos.com
2024-02-29,TC_oficial_venta,861.0,argentinadatos.com
2024-03-01,TC_oficial_venta,861.5,argentinadatos.com
2024-03-02,TC_oficial_venta,861.5,argentinadatos.com
2024-03-03,TC_oficial_venta,861.5,argentinadatos.com
2024-03-04,TC_oficial_venta,863.0,argentinadatos.com
2024-03-05,TC_oficial_venta,864.0,argentinadatos.com
2024-03-06,TC_oficial_venta,864.5,argentinadatos.com
2024-03-07,TC_oficial_venta,865.0,argentinadatos.com
2024-03-08,TC_oficial_venta,865.5,argentinadatos.com
2024-03-09,TC_oficial_venta,865.5,argentinadatos.com
2024-03-10,TC_oficial_venta,865.5,argentinadatos.com
2024-03-11,TC_oficial_venta,867.0,argentinadatos.com
2024-03-12,TC_oficial_venta,867.5,argentinadatos.com
2024-03-13,TC_oficial_venta,868.5,argentinadatos.com
2024-03-14,TC_oficial_venta,869.0,argentinadatos.com
2024-03-15,TC_oficial_venta,869.5,argentinadatos.com
2024-03-16,TC_oficial_venta,869.5,argentinadatos.com
2024-03-17,TC_oficial_venta,869.5,argentinadatos.com
2024-03-18,TC_oficial_venta,871.0,argentinadatos.com
2024-03-19,TC_oficial_venta,871.5,argentinadatos.com
2024-03-20,TC_oficial_venta,872.0,argentinadatos.com
2024-03-21,TC_oficial_venta,872.5,argentinadatos.com
2024-03-22,TC_oficial_venta,873.5,argentinadatos.com
2024-03-23,TC_oficial_venta,873.5,argentinadatos.com
2024-03-24,TC_oficial_venta,873.5,argentinadatos.com
2024-03-25,TC_oficial_venta,875.0,argentinadatos.com
2024-03-26,TC_oficial_venta,875.5,argentinadatos.com
2024-03-27,TC_oficial_venta,876.0,argentinadatos.com
2024-03-28,TC_oficial_venta,876.0,argentinadatos.com
2024-03-29,TC_oficial_venta,876.0,argentinadatos.com
2024-03-30,TC_oficial_venta,876.0,argentinadatos.com
2024-03-31,TC_oficial_venta,876.0,argentinadatos.com
2024-04-01,TC_oficial_venta,876.0,argentinadatos.com
2024-04-02,TC_oficial_venta,876.0,argentinadatos.com
2024-04-03,TC_oficial_venta,880.0,argentinadatos.com
2024-04-04,TC_oficial_venta,880.5,argentinadatos.com
2024-04-05,TC_oficial_venta,881.5,argentinadatos.com
2024-04-06,TC_oficial_venta,881.5,argentinadatos.com
2024-04-07,TC_oficial_venta,881.5,argentinadatos.com
2024-04-08,TC_oficial_venta,883.0,argentinadatos.com
2024-04-09,TC_oficial_venta,883.5,argentinadatos.com
2024-04-10,TC_oficial_venta,883.5,argentinadatos.com
2024-04-11,TC_oficial_venta,884.5,argentinadatos.com
2024-04-12,TC_oficial_venta,885.5,argentinadatos.com
2024-04-13,TC_oficial_venta,885.5,argentinadatos.com
2024-04-14,TC_oficial_venta,885.5,argentinadatos.com
2024-04-15,TC_oficial_venta,887.0,argentinadatos.com
2024-04-16,TC_oficial_venta,887.5,argentinadatos.com
2024-04-17,TC_oficial_venta,888.0,argentinadatos.com
2024-04-18,TC_oficial_venta,888.5,argentinadatos.com
2024-04-19,TC_oficial_venta,890.0,argentinadatos.com
2024-04-20,TC_oficial_venta,890.0,argentinadatos.com
2024-04-21,TC_oficial_venta,890.0,argentinadatos.com
2024-04-22,TC_oficial_venta,892.0,argentinadatos.com
2024-04-23,TC_oficial_venta,892.0,argentinadatos.com
2024-04-24,TC_oficial_venta,892.5,argentinadatos.com
2024-04-25,TC_oficial_venta,893.0,argentinadatos.com
2024-04-26,TC_oficial_venta,894.0,argentinadatos.com
2024-04-27,TC_oficial_venta,894.0,argentinadatos.com
2024-04-28,TC_oficial_venta,894.0,argentinadatos.com
2024-04-29,TC_oficial_venta,895.5,argentinadatos.com
2024-04-30,TC_oficial_venta,896.0,argentinadatos.com
2024-05-01,TC_oficial_venta,896.0,argentinadatos.com
2024-05-02,TC_oficial_venta,897.0,argentinadatos.com
2024-05-03,TC_oficial_venta,897.5,argentinadatos.com
2024-05-04,TC_oficial_venta,897.5,argentinadatos.com
2024-05-05,TC_oficial_venta,897.5,argentinadatos.com
2024-05-06,TC_oficial_venta,899.0,argentinadatos.com
2024-05-07,TC_oficial_venta,899.5,argentinadatos.com
2024-05-08,TC_oficial_venta,900.5,argentinadatos.com
2024-05-09,TC_oficial_venta,901.0,argentinadatos.com
2024-05-10,TC_oficial_venta,901.5,argentinadatos.com
2024-05-11,TC_oficial_venta,901.5,argentinadatos.com
2024-05-12,TC_oficial_venta,901.5,argentinadatos.com
2024-05-13,TC_oficial_venta,903.0,argentinadatos.com
2024-05-14,TC_oficial_venta,904.0,argentinadatos.com
2024-05-15,TC_oficial_venta,904.5,argentinadatos.com
2024-05-16,TC_oficial_venta,905.0,argentinadatos.com
2024-05-17,TC_oficial_venta,905.5,argentinadatos.com
2024-05-18,TC_oficial_venta,905.5,argentinadatos.com
2024-05-19,TC_oficial_venta,905.5,argentinadatos.com
2024-05-20,TC_oficial_venta,907.5,argentinadatos.com
2024-05-21,TC_oficial_venta,908.0,argentinadatos.com
2024-05-22,TC_oficial_venta,908.5,argentinadatos.com
2024-05-23,TC_oficial_venta,909.0,argentinadatos.com
2024-05-24,TC_oficial_venta,909.5,argentinadatos.com
2024-05-25,TC_oficial_venta,909.5,argentinadatos.com
2024-05-26,TC_oficial_venta,909.5,argentinadatos.com
2024-05-27,TC_oficial_venta,911.5,argentinadatos.com
2024-05-28,TC_oficial_venta,912.5,argentinadatos.com
2024-05-29,TC_oficial_venta,913.0,argentinadatos.com
2024-05-30,TC_oficial_venta,913.0,argentinadatos.com
2024-05-31,TC_oficial_venta,914.0,argentinadatos.com
2024-06-01,TC_oficial_venta,914.0,argentinadatos.com
2024-06-02,TC_oficial_venta,914.0,argentinadatos.com
2024-06-03,TC_oficial_venta,916.0,argentinadatos.com
2024-06-04,TC_oficial_venta,916.5,argentinadatos.com
2024-06-05,TC_oficial_venta,916.5,argentinadatos.com
2024-06-06,TC_oficial_venta,918.0,argentinadatos.com
2024-06-07,TC_oficial_venta,918.0,argentinadatos.com
2024-06-08,TC_oficial_venta,918.0,argentinadatos.com
2024-06-09,TC_oficial_venta,918.0,argentinadatos.com
2024-06-10,TC_oficial_venta,920.5,argentinadatos.com
2024-06-11,TC_oficial_venta,921.0,argentinadatos.com
2024-06-12,TC_oficial_venta,921.5,argentinadatos.com
2024-06-13,TC_oficial_venta,921.5,argentinadatos.com
2024-06-14,TC_oficial_venta,922.0,argentinadatos.com
2024-06-15,TC_oficial_venta,922.0,argentinadatos.com
2024-06-16,TC_oficial_venta,922.0,argentinadatos.com
2024-06-17,TC_oficial_venta,922.0,argentinadatos.com
2024-06-18,TC_oficial_venta,924.0,argentinadatos.com
2024-06-19,TC_oficial_venta,924.5,argentinadatos.com
2024-06-20,TC_oficial_venta,924.5,argentinadatos.com
2024-06-21,TC_oficial_venta,924.5,argentinadatos.com
2024-06-22,TC_oficial_venta,924.5,argentinadatos.com
2024-06-23,TC_oficial_venta,924.5,argentinadatos.com
2024-06-24,TC_oficial_venta,927.0,argentinadatos.com
2024-06-25,TC_oficial_venta,927.5,argentinadatos.com
2024-06-26,TC_oficial_venta,928.0,argentinadatos.com
2024-06-27,TC_oficial_venta,929.5,argentinadatos.com
2024-06-28,TC_oficial_venta,930.5,argentinadatos.com
2024-06-29,TC_oficial_venta,930.5,argentinadatos.com
2024-06-30,TC_oficial_venta,930.5,argentinadatos.com
2024-07-01,TC_oficial_venta,932.5,argentinadatos.com
2024-07-02,TC_oficial_venta,933.0,argentinadatos.com
2024-07-03,TC_oficial_venta,933.5,argentinadatos.com
2024-07-04,TC_oficial_venta,934.0,argentinadatos.com
2024-07-05,TC_oficial_venta,934.5,argentinadatos.com
2024-07-06,TC_oficial_venta,934.5,argentinadatos.com
2024-07-07,TC_oficial_venta,934.5,argentinadatos.com
2024-07-08,TC_oficial_venta,936.5,argentinadatos.com
2024-07-09,TC_oficial_venta,936.5,argentinadatos.com
2024-07-10,TC_oficial_venta,937.5,argentinadatos.com
2024-07-11,TC_oficial_venta,938.0,argentinadatos.com
2024-07-12,TC_oficial_venta,940.0,argentinadatos.com
2024-07-13,TC_oficial_venta,940.0,argentinadatos.com
2024-07-14,TC_oficial_venta,940.0,argentinadatos.com
2024-07-15,TC_oficial_venta,940.5,argentinadatos.com
2024-07-16,TC_oficial_venta,941.0,argentinadatos.com
2024-07-17,TC_oficial_venta,942.0,argentinadatos.com
2024-07-18,TC_oficial_venta,942.5,argentinadatos.com
2024-07-19,TC_oficial_venta,944.5,argentinadatos.com
2024-07-20,TC_oficial_venta,944.5,argentinadatos.com
2024-07-21,TC_oficial_venta,944.5,argentinadatos.com
2024-07-22,TC_oficial_venta,946.0,argentinadatos.com
2024-07-23,TC_oficial_venta,946.0,argentinadatos.com
2024-07-24,TC_oficial_venta,946.5,argentinadatos.com
2024-07-25,TC_oficial_venta,947.5,argentinadatos.com
2024-07-26,TC_oficial_venta,950.0,argentinadatos.com
2024-07-27,TC_oficial_venta,950.0,argentinadatos.com
2024-07-28,TC_oficial_venta,950.0,argentinadatos.com
2024-07-29,TC_oficial_venta,950.5,argentinadatos.com
2024-07-30,TC_oficial_venta,951.0,argentinadatos.com
2024-07-31,TC_oficial_venta,951.5,argentinadatos.com
2024-08-01,TC_oficial_venta,951.5,argentinadatos.com
2024-08-02,TC_oficial_venta,953.5,argentinadatos.com
2024-08-03,TC_oficial_venta,953.5,argentinadatos.com
2024-08-04,TC_oficial_venta,953.5,argentinadatos.com
2024-08-05,TC_oficial_venta,954.0,argentinadatos.com
2024-08-06,TC_oficial_venta,954.5,argentinadatos.com
2024-08-07,TC_oficial_venta,955.5,argentinadatos.com
2024-08-08,TC_oficial_venta,955.5,argentinadatos.com
2024-08-09,TC_oficial_venta,957.5,argentinadatos.com
2024-08-10,TC_oficial_venta,957.5,argentinadatos.com
2024-08-11,TC_oficial_venta,957.5,argentinadatos.com
2024-08-12,TC_oficial_venta,958.0,argentinadatos.com
2024-08-13,TC_oficial_venta,958.5,argentinadatos.com
2024-08-14,TC_oficial_venta,959.0,argentinadatos.com
2024-08-15,TC_oficial_venta,960.0,argentinadatos.com
2024-08-16,TC_oficial_venta,961.5,argentinadatos.com
2024-08-17,TC_oficial_venta,962.0,argentinadatos.com
2024-08-18,TC_oficial_venta,962.0,argentinadatos.com
2024-08-19,TC_oficial_venta,963.0,argentinadatos.com
2024-08-20,TC_oficial_venta,963.0,argentinadatos.com
2024-08-21,TC_oficial_venta,963.5,argentinadatos.com
2024-08-22,TC_oficial_venta,964.0,argentinadatos.com
2024-08-23,TC_oficial_venta,966.0,argentinadatos.com
2024-08-24,TC_oficial_venta,966.0,argentinadatos.com
2024-08-25,TC_oficial_venta,966.0,argentinadatos.com
2024-08-26,TC_oficial_venta,968.0,argentinadatos.com
2024-08-27,TC_oficial_venta,969.5,argentinadatos.com
2024-08-28,TC_oficial_venta,969.5,argentinadatos.com
2024-08-29,TC_oficial_venta,970.0,argentinadatos.com
2024-08-30,TC_oficial_venta,972.0,argentinadatos.com
2024-08-31,TC_oficial_venta,972.0,argentinadatos.com
2024-09-01,TC_oficial_venta,972.0,argentinadatos.com
2024-09-02,TC_oficial_venta,973.0,argentinadatos.com
2024-09-03,TC_oficial_venta,973.0,argentinadatos.com
2024-09-04,TC_oficial_venta,973.5,argentinadatos.com
2024-09-05,TC_oficial_venta,974.0,argentinadatos.com
2024-09-06,TC_oficial_venta,976.5,argentinadatos.com
2024-09-07,TC_oficial_venta,976.5,argentinadatos.com
2024-09-08,TC_oficial_venta,976.5,argentinadatos.com
2024-09-09,TC_oficial_venta,977.0,argentinadatos.com
2024-09-10,TC_oficial_venta,978.0,argentinadatos.com
2024-09-11,TC_oficial_venta,978.0,argentinadatos.com
2024-09-12,TC_oficial_venta,978.5,argentinadatos.com
2024-09-13,TC_oficial_venta,980.5,argentinadatos.com
2024-09-14,TC_oficial_venta,980.5,argentinadatos.com
2024-09-15,TC_oficial_venta,980.5,argentinadatos.com
2024-09-16,TC_oficial_venta,982.0,argentinadatos.com
2024-09-17,TC_oficial_venta,982.0,argentinadatos.com
2024-09-18,TC_oficial_venta,982.0,argentinadatos.com
2024-09-19,TC_oficial_venta,983.5,argentinadatos.com
2024-09-20,TC_oficial_venta,985.0,argentinadatos.com
2024-09-21,TC_oficial_venta,985.0,argentinadatos.com
2024-09-22,TC_oficial_venta,985.0,argentinadatos.com
2024-09-23,TC_oficial_venta,985.5,argentinadatos.com
2024-09-24,TC_oficial_venta,986.0,argentinadatos.com
2024-09-25,TC_oficial_venta,987.0,argentinadatos.com
2024-09-26,TC_oficial_venta,988.5,argentinadatos.com
2024-09-27,TC_oficial_venta,989.5,argentinadatos.com
2024-09-28,TC_oficial_venta,989.5,argentinadatos.com
2024-09-29,TC_oficial_venta,989.5,argentinadatos.com
2024-09-30,TC_oficial_venta,990.0,argentinadatos.com
2024-10-01,TC_oficial_venta,990.5,argentinadatos.com
2024-10-02,TC_oficial_venta,991.0,argentinadatos.com
2024-10-03,TC_oficial_venta,992.5,argentinadatos.com
2024-10-04,TC_oficial_venta,994.0,argentinadatos.com
2024-10-05,TC_oficial_venta,994.0,argentinadatos.com
2024-10-06,TC_oficial_venta,994.0,argentinadatos.com
2024-10-07,TC_oficial_venta,995.0,argentinadatos.com
2024-10-08,TC_oficial_venta,995.5,argentinadatos.com
2024-10-09,TC_oficial_venta,995.5,argentinadatos.com
2024-10-10,TC_oficial_venta,998.5,argentinadatos.com
2024-10-11,TC_oficial_venta,998.5,argentinadatos.com
2024-10-12,TC_oficial_venta,998.5,argentinadatos.com
2024-10-13,TC_oficial_venta,998.5,argentinadatos.com
2024-10-14,TC_oficial_venta,999.5,argentinadatos.com
2024-10-15,TC_oficial_venta,1000.0,argentinadatos.com
2024-10-16,TC_oficial_venta,1000.5,argentinadatos.com
2024-10-17,TC_oficial_venta,1001.0,argentinadatos.com
2024-10-18,TC_oficial_venta,1004.0,argentinadatos.com
2024-10-19,TC_oficial_venta,1004.0,argentinadatos.com
2024-10-20,TC_oficial_venta,1004.0,argentinadatos.com
2024-10-21,TC_oficial_venta,1004.5,argentinadatos.com
2024-10-22,TC_oficial_venta,1004.5,argentinadatos.com
2024-10-23,TC_oficial_venta,1005.0,argentinadatos.com
2024-10-24,TC_oficial_venta,1005.5,argentinadatos.com
2024-10-25,TC_oficial_venta,1007.5,argentinadatos.com
2024-10-26,TC_oficial_venta,1007.5,argentinadatos.com
2024-10-27,TC_oficial_venta,1007.5,argentinadatos.com
2024-10-28,TC_oficial_venta,1008.0,argentinadatos.com
2024-10-29,TC_oficial_venta,1008.5,argentinadatos.com
2024-10-30,TC_oficial_venta,1009.5,argentinadatos.com
2024-10-31,TC_oficial_venta,1011.5,argentinadatos.com
2024-11-01,TC_oficial_venta,1013.0,argentinadatos.com
2024-11-02,TC_oficial_venta,1013.0,argentinadatos.com
2024-11-03,TC_oficial_venta,1013.0,argentinadatos.com
2024-11-04,TC_oficial_venta,1013.0,argentinadatos.com
2024-11-05,TC_oficial_venta,1014.0,argentinadatos.com
2024-11-06,TC_oficial_venta,1014.0,argentinadatos.com
2024-11-07,TC_oficial_venta,1014.5,argentinadatos.com
2024-11-08,TC_oficial_venta,1016.5,argentinadatos.com
2024-11-09,TC_oficial_venta,1016.5,argentinadatos.com
2024-11-10,TC_oficial_venta,1016.5,argentinadatos.com
2024-11-11,TC_oficial_venta,1017.5,argentinadatos.com
2024-11-12,TC_oficial_venta,1018.0,argentinadatos.com
2024-11-13,TC_oficial_venta,1018.5,argentinadatos.com
2024-11-14,TC_oficial_venta,1019.0,argentinadatos.com
2024-11-15,TC_oficial_venta,1022.0,argentinadatos.com
2024-11-16,TC_oficial_venta,1022.0,argentinadatos.com
2024-11-17,TC_oficial_venta,1022.0,argentinadatos.com
2024-11-18,TC_oficial_venta,1022.0,argentinadatos.com
2024-11-19,TC_oficial_venta,1022.5,argentinadatos.com
2024-11-20,TC_oficial_venta,1023.0,argentinadatos.com
2024-11-21,TC_oficial_venta,1024.5,argentinadatos.com
2024-11-22,TC_oficial_venta,1026.5,argentinadatos.com
2024-11-23,TC_oficial_venta,1026.5,argentinadatos.com
2024-11-24,TC_oficial_venta,1026.5,argentinadatos.com
2024-11-25,TC_oficial_venta,1027.0,argentinadatos.com
2024-11-26,TC_oficial_venta,1027.5,argentinadatos.com
2024-11-27,TC_oficial_venta,1028.0,argentinadatos.com
2024-11-28,TC_oficial_venta,1028.5,argentinadatos.com
2024-11-29,TC_oficial_venta,1031.0,argentinadatos.com
2024-11-30,TC_oficial_venta,1031.0,argentinadatos.com
2024-12-01,TC_oficial_venta,1031.0,argentinadatos.com
2024-12-02,TC_oficial_venta,1032.0,argentinadatos.com
2024-12-03,TC_oficial_venta,1032.5,argentinadatos.com
2024-12-04,TC_oficial_venta,1032.5,argentinadatos.com
2024-12-05,TC_oficial_venta,1033.0,argentinadatos.com
2024-12-06,TC_oficial_venta,1035.0,argentinadatos.com
2024-12-07,TC_oficial_venta,1035.0,argentinadatos.com
2024-12-08,TC_oficial_venta,1035.0,argentinadatos.com
2024-12-09,TC_oficial_venta,1036.0,argentinadatos.com
2024-12-10,TC_oficial_venta,1036.5,argentinadatos.com
2024-12-11,TC_oficial_venta,1037.0,argentinadatos.com
2024-12-12,TC_oficial_venta,1038.5,argentinadatos.com
2024-12-13,TC_oficial_venta,1040.0,argentinadatos.com
2024-12-14,TC_oficial_venta,1040.0,argentinadatos.com
2024-12-15,TC_oficial_venta,1040.0,argentinadatos.com
2024-12-16,TC_oficial_venta,1042.0,argentinadatos.com
2024-12-17,TC_oficial_venta,1042.5,argentinadatos.com
2024-12-18,TC_oficial_venta,1042.5,argentinadatos.com
2024-12-19,TC_oficial_venta,1042.5,argentinadatos.com
2024-12-20,TC_oficial_venta,1044.5,argentinadatos.com
2024-12-21,TC_oficial_venta,1044.5,argentinadatos.com
2024-12-22,TC_oficial_venta,1044.5,argentinadatos.com
2024-12-23,TC_oficial_venta,1048.0,argentinadatos.com
2024-12-24,TC_oficial_venta,1048.0,argentinadatos.com
2024-12-25,TC_oficial_venta,1048.0,argentinadatos.com
2024-12-26,TC_oficial_venta,1049.0,argentinadatos.com
2024-12-27,TC_oficial_venta,1051.0,argentinadatos.com
2024-12-28,TC_oficial_venta,1051.0,argentinadatos.com
2024-12-29,TC_oficial_venta,1051.0,argentinadatos.com
2024-12-30,TC_oficial_venta,1052.5,argentinadatos.com
2024-12-31,TC_oficial_venta,1052.5,argentinadatos.com
2025-01-01,TC_oficial_venta,1052.5,argentinadatos.com
2025-01-02,TC_oficial_venta,1052.5,argentinadatos.com
2025-01-03,TC_oficial_venta,1055.0,argentinadatos.com
2025-01-04,TC_oficial_venta,1055.0,argentinadatos.com
2025-01-05,TC_oficial_venta,1055.0,argentinadatos.com
2025-01-06,TC_oficial_venta,1055.0,argentinadatos.com
2025-01-07,TC_oficial_venta,1055.5,argentinadatos.com
2025-01-08,TC_oficial_venta,1056.0,argentinadatos.com
2025-01-09,TC_oficial_venta,1057.0,argentinadatos.com
2025-01-10,TC_oficial_venta,1059.0,argentinadatos.com
2025-01-11,TC_oficial_venta,1059.0,argentinadatos.com
2025-01-12,TC_oficial_venta,1059.0,argentinadatos.com
2025-01-13,TC_oficial_venta,1059.5,argentinadatos.com
2025-01-14,TC_oficial_venta,1060.5,argentinadatos.com
2025-01-15,TC_oficial_venta,1061.5,argentinadatos.com
2025-01-16,TC_oficial_venta,1062.0,argentinadatos.com
2025-01-17,TC_oficial_venta,1063.5,argentinadatos.com
2025-01-18,TC_oficial_venta,1063.5,argentinadatos.com
2025-01-19,TC_oficial_venta,1063.5,argentinadatos.com
2025-01-20,TC_oficial_venta,1066.0,argentinadatos.com
2025-01-21,TC_oficial_venta,1066.5,argentinadatos.com
2025-01-22,TC_oficial_venta,1067.5,argentinadatos.com
2025-01-23,TC_oficial_venta,1068.0,argentinadatos.com
2025-01-24,TC_oficial_venta,1069.0,argentinadatos.com
2025-01-25,TC_oficial_venta,1069.0,argentinadatos.com
2025-01-26,TC_oficial_venta,1069.0,argentinadatos.com
2025-01-27,TC_oficial_venta,1070.0,argentinadatos.com
2025-01-28,TC_oficial_venta,1070.5,argentinadatos.com
2025-01-29,TC_oficial_venta,1071.5,argentinadatos.com
2025-01-30,TC_oficial_venta,1072.0,argentinadatos.com
2025-01-31,TC_oficial_venta,1073.5,argentinadatos.com
2025-02-01,TC_oficial_venta,1073.5,argentinadatos.com
2025-02-02,TC_oficial_venta,1073.5,argentinadatos.com
2025-02-03,TC_oficial_venta,1074.25,argentinadatos.com
2025-02-04,TC_oficial_venta,1074.5,argentinadatos.com
2025-02-05,TC_oficial_venta,1074.5,argentinadatos.com
2025-02-06,TC_oficial_venta,1074.75,argentinadatos.com
2025-02-07,TC_oficial_venta,1075.75,argentinadatos.com
2025-02-08,TC_oficial_venta,1075.75,argentinadatos.com
2025-02-09,TC_oficial_venta,1075.75,argentinadatos.com
2025-02-10,TC_oficial_venta,1076.0,argentinadatos.com
2025-02-11,TC_oficial_venta,1076.0,argentinadatos.com
2025-02-12,TC_oficial_venta,1076.25,argentinadatos.com
2025-02-13,TC_oficial_venta,1077.25,argentinadatos.com
2025-02-14,TC_oficial_venta,1078.0,argentinadatos.com
2025-02-15,TC_oficial_venta,1078.0,argentinadatos.com
2025-02-16,TC_oficial_venta,1078.0,argentinadatos.com
2025-02-17,TC_oficial_venta,1078.75,argentinadatos.com
2025-02-18,TC_oficial_venta,1079.0,argentinadatos.com
2025-02-19,TC_oficial_venta,1079.0,argentinadatos.com
2025-02-20,TC_oficial_venta,1079.25,argentinadatos.com
2025-02-21,TC_oficial_venta,1080.25,argentinadatos.com
2025-02-22,TC_oficial_venta,1080.25,argentinadatos.com
2025-02-23,TC_oficial_venta,1080.25,argentinadatos.com
2025-02-24,TC_oficial_venta,1080.5,argentinadatos.com
2025-02-25,TC_oficial_venta,1081.0,argentinadatos.com
2025-02-26,TC_oficial_venta,1081.25,argentinadatos.com
2025-02-27,TC_oficial_venta,1081.75,argentinadatos.com
2025-02-28,TC_oficial_venta,1084.25,argentinadatos.com
2025-03-01,TC_oficial_venta,1084.25,argentinadatos.com
2025-03-02,TC_oficial_venta,1084.25,argentinadatos.com
2025-03-03,TC_oficial_venta,1084.25,argentinadatos.com
2025-03-04,TC_oficial_venta,1084.25,argentinadatos.com
2025-03-05,TC_oficial_venta,1084.5,argentinadatos.com
2025-03-06,TC_oficial_venta,1084.5,argentinadatos.com
2025-03-07,TC_oficial_venta,1086.0,argentinadatos.com
2025-03-08,TC_oficial_venta,1086.0,argentinadatos.com
2025-03-09,TC_oficial_venta,1086.0,argentinadatos.com
2025-03-10,TC_oficial_venta,1086.25,argentinadatos.com
2025-03-11,TC_oficial_venta,1086.25,argentinadatos.com
2025-03-12,TC_oficial_venta,1086.25,argentinadatos.com
2025-03-13,TC_oficial_venta,1086.5,argentinadatos.com
2025-03-14,TC_oficial_venta,1088.0,argentinadatos.com
2025-03-15,TC_oficial_venta,1088.0,argentinadatos.com
2025-03-16,TC_oficial_venta,1088.0,argentinadatos.com
2025-03-17,TC_oficial_venta,1088.25,argentinadatos.com
2025-03-18,TC_oficial_venta,1088.5,argentinadatos.com
2025-03-19,TC_oficial_venta,1089.25,argentinadatos.com
2025-03-20,TC_oficial_venta,1089.5,argentinadatos.com
2025-03-21,TC_oficial_venta,1091.0,argentinadatos.com
2025-03-22,TC_oficial_venta,1091.0,argentinadatos.com
2025-03-23,TC_oficial_venta,1091.0,argentinadatos.com
2025-03-24,TC_oficial_venta,1091.0,argentinadatos.com
2025-03-25,TC_oficial_venta,1091.25,argentinadatos.com
2025-03-26,TC_oficial_venta,1091.5,argentinadatos.com
2025-03-27,TC_oficial_venta,1091.75,argentinadatos.com
2025-03-28,TC_oficial_venta,1093.0,argentinadatos.com
2025-03-29,TC_oficial_venta,1093.0,argentinadatos.com
2025-03-30,TC_oficial_venta,1093.0,argentinadatos.com
2025-03-31,TC_oficial_venta,1093.5,argentinadatos.com
2025-04-01,TC_oficial_venta,1094.25,argentinadatos.com
2025-04-02,TC_oficial_venta,1094.25,argentinadatos.com
2025-04-03,TC_oficial_venta,1094.5,argentinadatos.com
2025-04-04,TC_oficial_venta,1095.5,argentinadatos.com
2025-04-05,TC_oficial_venta,1095.5,argentinadatos.com
2025-04-06,TC_oficial_venta,1095.5,argentinadatos.com
2025-04-07,TC_oficial_venta,1095.75,argentinadatos.com
2025-04-08,TC_oficial_venta,1096.0,argentinadatos.com
2025-04-09,TC_oficial_venta,1096.5,argentinadatos.com
2025-04-10,TC_oficial_venta,1096.75,argentinadatos.com
2025-04-11,TC_oficial_venta,1097.5,argentinadatos.com
2025-04-12,TC_oficial_venta,1097.5,argentinadatos.com
2025-04-13,TC_oficial_venta,1097.5,argentinadatos.com
2025-04-14,TC_oficial_venta,1230.0,argentinadatos.com
2025-04-15,TC_oficial_venta,1230.0,argentinadatos.com
2025-04-16,TC_oficial_venta,1160.0,argentinadatos.com
2025-04-17,TC_oficial_venta,1160.0,argentinadatos.com
2025-04-18,TC_oficial_venta,1160.0,argentinadatos.com
2025-04-19,TC_oficial_venta,1160.0,argentinadatos.com
2025-04-20,TC_oficial_venta,1160.0,argentinadatos.com
2025-04-21,TC_oficial_venta,1110.0,argentinadatos.com
2025-04-22,TC_oficial_venta,1120.0,argentinadatos.com
2025-04-23,TC_oficial_venta,1170.0,argentinadatos.com
2025-04-24,TC_oficial_venta,1190.0,argentinadatos.com
2025-04-25,TC_oficial_venta,1190.0,argentinadatos.com
2025-04-26,TC_oficial_venta,1190.0,argentinadatos.com
2025-04-27,TC_oficial_venta,1190.0,argentinadatos.com
2025-04-28,TC_oficial_venta,1190.0,argentinadatos.com
2025-04-29,TC_oficial_venta,1180.0,argentinadatos.com
2025-04-30,TC_oficial_venta,1190.0,argentinadatos.com
2025-05-01,TC_oficial_venta,1190.0,argentinadatos.com
2025-05-02,TC_oficial_venta,1190.0,argentinadatos.com
2025-05-03,TC_oficial_venta,1190.0,argentinadatos.com
2025-05-04,TC_oficial_venta,1190.0,argentinadatos.com
2025-05-05,TC_oficial_venta,1210.0,argentinadatos.com
2025-05-06,TC_oficial_venta,1215.0,argentinadatos.com
2025-05-07,TC_oficial_venta,1140.0,argentinadatos.com
2025-05-08,TC_oficial_venta,1130.0,argentinadatos.com
2025-05-09,TC_oficial_venta,1150.0,argentinadatos.com
2025-05-10,TC_oficial_venta,1150.0,argentinadatos.com
2025-05-11,TC_oficial_venta,1150.0,argentinadatos.com
2025-05-12,TC_oficial_venta,1150.0,argentinadatos.com
2025-05-13,TC_oficial_venta,1150.0,argentinadatos.com
2025-05-14,TC_oficial_venta,1150.0,argentinadatos.com
2025-05-15,TC_oficial_venta,1150.0,argentinadatos.com
2025-05-16,TC_oficial_venta,1160.0,argentinadatos.com
2025-05-17,TC_oficial_venta,1160.0,argentinadatos.com
2025-05-18,TC_oficial_venta,1160.0,argentinadatos.com
2025-05-19,TC_oficial_venta,1155.0,argentinadatos.com
2025-05-20,TC_oficial_venta,1160.0,argentinadatos.com
2025-05-21,TC_oficial_venta,1160.0,argentinadatos.com
2025-05-22,TC_oficial_venta,1155.0,argentinadatos.com
2025-05-23,TC_oficial_venta,1150.0,argentinadatos.com
2025-05-24,TC_oficial_venta,1150.0,argentinadatos.com
2025-05-25,TC_oficial_venta,1150.0,argentinadatos.com
2025-05-26,TC_oficial_venta,1160.0,argentinadatos.com
2025-05-27,TC_oficial_venta,1170.0,argentinadatos.com
2025-05-28,TC_oficial_venta,1175.0,argentinadatos.com
2025-05-29,TC_oficial_venta,1195.0,argentinadatos.com
2025-05-30,TC_oficial_venta,1195.0,argentinadatos.com
2025-05-31,TC_oficial_venta,1195.0,argentinadatos.com
2025-06-01,TC_oficial_venta,1195.0,argentinadatos.com
2025-06-02,TC_oficial_venta,1200.0,argentinadatos.com
2025-06-03,TC_oficial_venta,1200.0,argentinadatos.com
2025-06-04,TC_oficial_venta,1200.0,argentinadatos.com
2025-06-05,TC_oficial_venta,1205.0,argentinadatos.com
2025-06-06,TC_oficial_venta,1200.0,argentinadatos.com
2025-06-07,TC_oficial_venta,1200.0,argentinadatos.com
2025-06-08,TC_oficial_venta,1200.0,argentinadatos.com
2025-06-09,TC_oficial_venta,1200.0,argentinadatos.com
2025-06-10,TC_oficial_venta,1200.0,argentinadatos.com
2025-06-11,TC_oficial_venta,1200.0,argentinadatos.com
2025-06-12,TC_oficial_venta,1200.0,argentinadatos.com
2025-06-13,TC_oficial_venta,1200.0,argentinadatos.com
2025-06-14,TC_oficial_venta,1200.0,argentinadatos.com
2025-06-15,TC_oficial_venta,1200.0,argentinadatos.com
2025-06-16,TC_oficial_venta,1200.0,argentinadatos.com
2025-06-17,TC_oficial_venta,1185.0,argentinadatos.com
2025-06-18,TC_oficial_venta,1160.0,argentinadatos.com
2025-06-19,TC_oficial_venta,1180.0,argentinadatos.com
2025-06-20,TC_oficial_venta,1180.0,argentinadatos.com
2025-06-21,TC_oficial_venta,1180.0,argentinadatos.com
2025-06-22,TC_oficial_venta,1180.0,argentinadatos.com
2025-06-23,TC_oficial_venta,1185.0,argentinadatos.com
2025-06-24,TC_oficial_venta,1195.0,argentinadatos.com
2025-06-25,TC_oficial_venta,1205.0,argentinadatos.com
2025-06-26,TC_oficial_venta,1205.0,argentinadatos.com
2025-06-27,TC_oficial_venta,1205.0,argentinadatos.com
2025-06-28,TC_oficial_venta,1205.0,argentinadatos.com
2025-06-29,TC_oficial_venta,1205.0,argentinadatos.com
2025-06-30,TC_oficial_venta,1215.0,argentinadatos.com
2025-07-01,TC_oficial_venta,1235.0,argentinadatos.com
2025-07-02,TC_oficial_venta,1245.0,argentinadatos.com
2025-07-03,TC_oficial_venta,1245.0,argentinadatos.com
2025-07-04,TC_oficial_venta,1260.0,argentinadatos.com
2025-07-05,TC_oficial_venta,1260.0,argentinadatos.com
2025-07-06,TC_oficial_venta,1260.0,argentinadatos.com
2025-07-07,TC_oficial_venta,1280.0,argentinadatos.com
2025-07-08,TC_oficial_venta,1275.0,argentinadatos.com
2025-07-09,TC_oficial_venta,1275.0,argentinadatos.com
2025-07-10,TC_oficial_venta,1275.0,argentinadatos.com
2025-07-11,TC_oficial_venta,1275.0,argentinadatos.com
2025-07-12,TC_oficial_venta,1275.0,argentinadatos.com
2025-07-13,TC_oficial_venta,1275.0,argentinadatos.com
2025-07-14,TC_oficial_venta,1295.0,argentinadatos.com
2025-07-15,TC_oficial_venta,1280.0,argentinadatos.com
2025-07-16,TC_oficial_venta,1275.0,argentinadatos.com
2025-07-17,TC_oficial_venta,1290.0,argentinadatos.com
2025-07-18,TC_oficial_venta,1300.0,argentinadatos.com
2025-07-19,TC_oficial_venta,1300.0,argentinadatos.com
2025-07-20,TC_oficial_venta,1300.0,argentinadatos.com
2025-07-21,TC_oficial_venta,1300.0,argentinadatos.com
2025-07-22,TC_oficial_venta,1275.0,argentinadatos.com
2025-07-23,TC_oficial_venta,1275.0,argentinadatos.com
2025-07-24,TC_oficial_venta,1285.0,argentinadatos.com
2025-07-25,TC_oficial_venta,1295.0,argentinadatos.com
2025-07-26,TC_oficial_venta,1295.0,argentinadatos.com
2025-07-27,TC_oficial_venta,1295.0,argentinadatos.com
2025-07-28,TC_oficial_venta,1305.0,argentinadatos.com
2025-07-29,TC_oficial_venta,1300.0,argentinadatos.com
2025-07-30,TC_oficial_venta,1325.0,argentinadatos.com
2025-07-31,TC_oficial_venta,1380.0,argentinadatos.com
2025-08-01,TC_oficial_venta,1375.0,argentinadatos.com
2025-08-02,TC_oficial_venta,1375.0,argentinadatos.com
2025-08-03,TC_oficial_venta,1375.0,argentinadatos.com
2025-08-04,TC_oficial_venta,1370.0,argentinadatos.com
2025-08-05,TC_oficial_venta,1350.0,argentinadatos.com
2025-08-06,TC_oficial_venta,1345.0,argentinadatos.com
2025-08-07,TC_oficial_venta,1340.0,argentinadatos.com
2025-08-08,TC_oficial_venta,1335.0,argentinadatos.com
2025-08-09,TC_oficial_venta,1335.0,argentinadatos.com
2025-08-10,TC_oficial_venta,1335.0,argentinadatos.com
2025-08-11,TC_oficial_venta,1335.0,argentinadatos.com
2025-08-12,TC_oficial_venta,1330.0,argentinadatos.com
2025-08-13,TC_oficial_venta,1325.0,argentinadatos.com
2025-08-14,TC_oficial_venta,1310.0,argentinadatos.com
2025-08-15,TC_oficial_venta,1310.0,argentinadatos.com
2025-08-16,TC_oficial_venta,1310.0,argentinadatos.com
2025-08-17,TC_oficial_venta,1310.0,argentinadatos.com
2025-08-18,TC_oficial_venta,1315.0,argentinadatos.com
2025-08-19,TC_oficial_venta,1310.0,argentinadatos.com
2025-08-20,TC_oficial_venta,1315.0,argentinadatos.com
2025-08-21,TC_oficial_venta,1325.0,argentinadatos.com
2025-08-22,TC_oficial_venta,1335.0,argentinadatos.com
2025-08-23,TC_oficial_venta,1335.0,argentinadatos.com
2025-08-24,TC_oficial_venta,1335.0,argentinadatos.com
2025-08-25,TC_oficial_venta,1370.0,argentinadatos.com
2025-08-26,TC_oficial_venta,1370.0,argentinadatos.com
2025-08-27,TC_oficial_venta,1360.0,argentinadatos.com
2025-08-28,TC_oficial_venta,1345.0,argentinadatos.com
2025-08-29,TC_oficial_venta,1360.0,argentinadatos.com
2025-08-30,TC_oficial_venta,1360.0,argentinadatos.com
2025-08-31,TC_oficial_venta,1360.0,argentinadatos.com
2025-09-01,TC_oficial_venta,1385.0,argentinadatos.com
2025-09-02,TC_oficial_venta,1375.0,argentinadatos.com
2025-09-03,TC_oficial_venta,1375.0,argentinadatos.com
2025-09-04,TC_oficial_venta,1375.0,argentinadatos.com
2025-09-05,TC_oficial_venta,1380.0,argentinadatos.com
2025-09-06,TC_oficial_venta,1380.0,argentinadatos.com
2025-09-07,TC_oficial_venta,1380.0,argentinadatos.com
2025-09-08,TC_oficial_venta,1425.0,argentinadatos.com
2025-09-09,TC_oficial_venta,1425.0,argentinadatos.com
2025-09-10,TC_oficial_venta,1435.0,argentinadatos.com
2025-09-11,TC_oficial_venta,1445.0,argentinadatos.com
2025-09-12,TC_oficial_venta,1465.0,argentinadatos.com
2025-09-13,TC_oficial_venta,1465.0,argentinadatos.com
2025-09-14,TC_oficial_venta,1465.0,argentinadatos.com
2025-09-15,TC_oficial_venta,1475.0,argentinadatos.com
2025-09-16,TC_oficial_venta,1480.0,argentinadatos.com
2025-09-17,TC_oficial_venta,1485.0,argentinadatos.com
2025-09-18,TC_oficial_venta,1495.0,argentinadatos.com
2025-09-19,TC_oficial_venta,1515.0,argentinadatos.com
2025-09-20,TC_oficial_venta,1515.0,argentinadatos.com
2025-09-21,TC_oficial_venta,1515.0,argentinadatos.com
2025-09-22,TC_oficial_venta,1430.0,argentinadatos.com
2025-09-23,TC_oficial_venta,1385.0,argentinadatos.com
2025-09-24,TC_oficial_venta,1360.0,argentinadatos.com
2025-09-25,TC_oficial_venta,1355.0,argentinadatos.com
2025-09-26,TC_oficial_venta,1350.0,argentinadatos.com
2025-09-27,TC_oficial_venta,1350.0,argentinadatos.com
2025-09-28,TC_oficial_venta,1350.0,argentinadatos.com
2025-09-29,TC_oficial_venta,1380.0,argentinadatos.com
2025-09-30,TC_oficial_venta,1400.0,argentinadatos.com
2025-10-01,TC_oficial_venta,1450.0,argentinadatos.com
2025-10-02,TC_oficial_venta,1450.0,argentinadatos.com
2025-10-03,TC_oficial_venta,1450.0,argentinadatos.com
2025-10-04,TC_oficial_venta,1450.0,argentinadatos.com
2025-10-05,TC_oficial_venta,1450.0,argentinadatos.com
2025-10-06,TC_oficial_venta,1455.0,argentinadatos.com
2025-10-07,TC_oficial_venta,1455.0,argentinadatos.com
2025-10-08,TC_oficial_venta,1455.0,argentinadatos.com
2025-10-09,TC_oficial_venta,1450.0,argentinadatos.com
2025-10-10,TC_oficial_venta,1450.0,argentinadatos.com
2025-10-11,TC_oficial_venta,1450.0,argentinadatos.com
2025-10-12,TC_oficial_venta,1450.0,argentinadatos.com
2025-10-13,TC_oficial_venta,1375.0,argentinadatos.com
2025-10-14,TC_oficial_venta,1385.0,argentinadatos.com
2025-10-15,TC_oficial_venta,1405.0,argentinadatos.com
2025-10-16,TC_oficial_venta,1430.0,argentinadatos.com
2025-10-17,TC_oficial_venta,1475.0,argentinadatos.com
2025-10-18,TC_oficial_venta,1475.0,argentinadatos.com
2025-10-19,TC_oficial_venta,1475.0,argentinadatos.com
2025-10-20,TC_oficial_venta,1495.0,argentinadatos.com
2025-10-21,TC_oficial_venta,1515.0,argentinadatos.com
2025-10-22,TC_oficial_venta,1515.0,argentinadatos.com
2025-10-23,TC_oficial_venta,1505.0,argentinadatos.com
2025-10-24,TC_oficial_venta,1515.0,argentinadatos.com
2025-10-25,TC_oficial_venta,1515.0,argentinadatos.com
2025-10-26,TC_oficial_venta,1515.0,argentinadatos.com
2025-10-27,TC_oficial_venta,1460.0,argentinadatos.com
2025-10-28,TC_oficial_venta,1495.0,argentinadatos.com
2025-10-29,TC_oficial_venta,1460.0,argentinadatos.com
2025-10-30,TC_oficial_venta,1465.0,argentinadatos.com
2025-10-31,TC_oficial_venta,1475.0,argentinadatos.com
2025-11-01,TC_oficial_venta,1475.0,argentinadatos.com
2025-11-02,TC_oficial_venta,1475.0,argentinadatos.com
2025-11-03,TC_oficial_venta,1500.0,argentinadatos.com
2025-11-04,TC_oficial_venta,1485.0,argentinadatos.com
2025-11-05,TC_oficial_venta,1475.0,argentinadatos.com
2025-11-06,TC_oficial_venta,1475.0,argentinadatos.com
2025-11-07,TC_oficial_venta,1445.0,argentinadatos.com
2025-11-08,TC_oficial_venta,1445.0,argentinadatos.com
2025-11-09,TC_oficial_venta,1445.0,argentinadatos.com
2025-11-10,TC_oficial_venta,1445.0,argentinadatos.com
2025-11-11,TC_oficial_venta,1440.0,argentinadatos.com
2025-11-12,TC_oficial_venta,1435.0,argentinadatos.com
2025-11-13,TC_oficial_venta,1430.0,argentinadatos.com
2025-11-14,TC_oficial_venta,1425.0,argentinadatos.com
2025-11-15,TC_oficial_venta,1425.0,argentinadatos.com
2025-11-16,TC_oficial_venta,1425.0,argentinadatos.com
2025-11-17,TC_oficial_venta,1415.0,argentinadatos.com
2025-11-18,TC_oficial_venta,1425.0,argentinadatos.com
2025-11-19,TC_oficial_venta,1430.0,argentinadatos.com
2025-11-20,TC_oficial_venta,1450.0,argentinadatos.com
2025-11-21,TC_oficial_venta,1450.0,argentinadatos.com
2025-11-22,TC_oficial_venta,1450.0,argentinadatos.com
2025-11-23,TC_oficial_venta,1450.0,argentinadatos.com
2025-11-24,TC_oficial_venta,1450.0,argentinadatos.com
2025-11-25,TC_oficial_venta,1470.0,argentinadatos.com
2025-11-26,TC_oficial_venta,1475.0,argentinadatos.com
2025-11-27,TC_oficial_venta,1475.0,argentinadatos.com
2025-11-28,TC_oficial_venta,1475.0,argentinadatos.com
2025-11-29,TC_oficial_venta,1475.0,argentinadatos.com
2025-11-30,TC_oficial_venta,1475.0,argentinadatos.com
2025-12-01,TC_oficial_venta,1475.0,argentinadatos.com
2025-12-02,TC_oficial_venta,1480.0,argentinadatos.com
2025-12-03,TC_oficial_venta,1480.0,argentinadatos.com
2025-12-04,TC_oficial_venta,1470.0,argentinadatos.com
2025-12-05,TC_oficial_venta,1460.0,argentinadatos.com
2025-12-06,TC_oficial_venta,1460.0,argentinadatos.com
2025-12-07,TC_oficial_venta,1460.0,argentinadatos.com
2025-12-08,TC_oficial_venta,1460.0,argentinadatos.com
2025-12-09,TC_oficial_venta,1465.0,argentinadatos.com
2025-12-10,TC_oficial_venta,1460.0,argentinadatos.com
2025-12-11,TC_oficial_venta,1460.0,argentinadatos.com
2025-12-12,TC_oficial_venta,1465.0,argentinadatos.com
2025-12-13,TC_oficial_venta,1465.0,argentinadatos.com
2025-12-14,TC_oficial_venta,1465.0,argentinadatos.com
2025-12-15,TC_oficial_venta,1465.0,argentinadatos.com
2025-12-16,TC_oficial_venta,1480.0,argentinadatos.com
2025-12-17,TC_oficial_venta,1475.0,argentinadatos.com
2025-12-18,TC_oficial_venta,1475.0,argentinadatos.com
2025-12-19,TC_oficial_venta,1475.0,argentinadatos.com
2025-12-20,TC_oficial_venta,1475.0,argentinadatos.com
2025-12-21,TC_oficial_venta,1475.0,argentinadatos.com
2025-12-22,TC_oficial_venta,1475.0,argentinadatos.com
2025-12-23,TC_oficial_venta,1475.0,argentinadatos.com
2025-12-24,TC_oficial_venta,1475.0,argentinadatos.com
2025-12-25,TC_oficial_venta,1475.0,argentinadatos.com
2025-12-26,TC_oficial_venta,1475.0,argentinadatos.com
2025-12-27,TC_oficial_venta,1475.0,argentinadatos.com
2025-12-28,TC_oficial_venta,1475.0,argentinadatos.com
2025-12-29,TC_oficial_venta,1475.0,argentinadatos.com
2025-12-30,TC_oficial_venta,1480.0,argentinadatos.com
2025-12-31,TC_oficial_venta,1480.0,argentinadatos.com
2026-01-01,TC_oficial_venta,1480.0,argentinadatos.com
2026-01-02,TC_oficial_venta,1495.0,argentinadatos.com
2026-01-03,TC_oficial_venta,1495.0,argentinadatos.com
2026-01-04,TC_oficial_venta,1495.0,argentinadatos.com
2026-01-05,TC_oficial_venta,1495.0,argentinadatos.com
2026-01-06,TC_oficial_venta,1490.0,argentinadatos.com
2026-01-07,TC_oficial_venta,1485.0,argentinadatos.com
2026-01-08,TC_oficial_venta,1485.0,argentinadatos.com
2026-01-09,TC_oficial_venta,1490.0,argentinadatos.com
2026-01-10,TC_oficial_venta,1490.0,argentinadatos.com
2026-01-11,TC_oficial_venta,1490.0,argentinadatos.com
2026-01-12,TC_oficial_venta,1490.0,argentinadatos.com
2026-01-13,TC_oficial_venta,1485.0,argentinadatos.com
2026-01-14,TC_oficial_venta,1480.0,argentinadatos.com
2026-01-15,TC_oficial_venta,1470.0,argentinadatos.com
2026-01-16,TC_oficial_venta,1455.0,argentinadatos.com
2026-01-17,TC_oficial_venta,1455.0,argentinadatos.com
2026-01-18,TC_oficial_venta,1455.0,argentinadatos.com
2026-01-19,TC_oficial_venta,1460.0,argentinadatos.com
2026-01-20,TC_oficial_venta,1460.0,argentinadatos.com
2026-01-21,TC_oficial_venta,1455.0,argentinadatos.com
2026-01-22,TC_oficial_venta,1450.0,argentinadatos.com
2026-01-23,TC_oficial_venta,1455.0,argentinadatos.com
2026-01-24,TC_oficial_venta,1455.0,argentinadatos.com
2026-01-25,TC_oficial_venta,1455.0,argentinadatos.com
2026-01-26,TC_oficial_venta,1460.0,argentinadatos.com
2026-01-27,TC_oficial_venta,1465.0,argentinadatos.com
2026-01-28,TC_oficial_venta,1465.0,argentinadatos.com
2026-01-29,TC_oficial_venta,1465.0,argentinadatos.com
2026-01-30,TC_oficial_venta,1465.0,argentinadatos.com
2026-01-31,TC_oficial_venta,1465.0,argentinadatos.com
2026-02-01,TC_oficial_venta,1465.0,argentinadatos.com
2026-02-03,TC_oficial_venta,1465.0,argentinadatos.com
2026-02-04,TC_oficial_venta,1465.0,argentinadatos.com
2026-02-05,TC_oficial_venta,1460.0,argentinadatos.com
2026-02-06,TC_oficial_venta,1450.0,argentinadatos.com
2026-02-07,TC_oficial_venta,1450.0,argentinadatos.com
2026-02-08,TC_oficial_venta,1450.0,argentinadatos.com
2026-02-09,TC_oficial_venta,1440.0,argentinadatos.com
2026-02-10,TC_oficial_venta,1425.0,argentinadatos.com
2026-02-11,TC_oficial_venta,1420.0,argentinadatos.com
2026-02-12,TC_oficial_venta,1415.0,argentinadatos.com
2026-02-13,TC_oficial_venta,1420.0,argentinadatos.com
2026-02-14,TC_oficial_venta,1420.0,argentinadatos.com
2026-02-15,TC_oficial_venta,1420.0,argentinadatos.com
2026-02-16,TC_oficial_venta,1420.0,argentinadatos.com
2026-02-17,TC_oficial_venta,1420.0,argentinadatos.com
2026-02-18,TC_oficial_venta,1420.0,argentinadatos.com
2026-02-19,TC_oficial_venta,1410.0,argentinadatos.com
2026-02-20,TC_oficial_venta,1395.0,argentinadatos.com
2026-02-21,TC_oficial_venta,1395.0,argentinadatos.com
2026-02-22,TC_oficial_venta,1395.0,argentinadatos.com
2026-02-23,TC_oficial_venta,1390.0,argentinadatos.com
2026-02-24,TC_oficial_venta,1400.0,argentinadatos.com
2026-02-25,TC_oficial_venta,1415.0,argentinadatos.com
2026-02-26,TC_oficial_venta,1425.0,argentinadatos.com
2026-02-27,TC_oficial_venta,1420.0,argentinadatos.com
2026-02-28,TC_oficial_venta,1420.0,argentinadatos.com
2026-03-01,TC_oficial_venta,1420.0,argentinadatos.com
2026-03-02,TC_oficial_venta,1415.0,argentinadatos.com
2026-03-03,TC_oficial_venta,1435.0,argentinadatos.com
2026-03-04,TC_oficial_venta,1420.0,argentinadatos.com
2026-03-05,TC_oficial_venta,1425.0,argentinadatos.com
2026-03-06,TC_oficial_venta,1435.0,argentinadatos.com
2026-03-07,TC_oficial_venta,1435.0,argentinadatos.com
2026-03-08,TC_oficial_venta,1435.0,argentinadatos.com
2026-03-09,TC_oficial_venta,1435.0,argentinadatos.com
2026-03-10,TC_oficial_venta,1420.0,argentinadatos.com
2026-03-11,TC_oficial_venta,1415.0,argentinadatos.com
2026-03-12,TC_oficial_venta,1415.0,argentinadatos.com
2026-03-13,TC_oficial_venta,1420.0,argentinadatos.com
2026-03-14,TC_oficial_venta,1420.0,argentinadatos.com
2026-03-15,TC_oficial_venta,1420.0,argentinadatos.com
2026-03-16,TC_oficial_venta,1415.0,argentinadatos.com
2026-03-17,TC_oficial_venta,1415.0,argentinadatos.com
2026-03-18,TC_oficial_venta,1415.0,argentinadatos.com
2026-03-19,TC_oficial_venta,1415.0,argentinadatos.com
2026-03-20,TC_oficial_venta,1410.0,argentinadatos.com
2026-03-21,TC_oficial_venta,1410.0,argentinadatos.com
2026-03-22,TC_oficial_venta,1410.0,argentinadatos.com
2026-03-23,TC_oficial_venta,1410.0,argentinadatos.com
2026-03-24,TC_oficial_venta,1410.0,argentinadatos.com
2026-03-25,TC_oficial_venta,1400.0,argentinadatos.com
2026-03-26,TC_oficial_venta,1390.0,argentinadatos.com
2026-03-27,TC_oficial_venta,1405.0,argentinadatos.com
2026-03-28,TC_oficial_venta,1405.0,argentinadatos.com
2026-03-29,TC_oficial_venta,1405.0,argentinadatos.com
2026-03-30,TC_oficial_venta,1420.0,argentinadatos.com
2026-03-31,TC_oficial_venta,1405.0,argentinadatos.com
2026-04-01,TC_oficial_venta,1415.0,argentinadatos.com
2026-04-02,TC_oficial_venta,1415.0,argentinadatos.com
2026-04-03,TC_oficial_venta,1415.0,argentinadatos.com
2026-04-04,TC_oficial_venta,1415.0,argentinadatos.com
2026-04-05,TC_oficial_venta,1415.0,argentinadatos.com
2026-04-06,TC_oficial_venta,1415.0,argentinadatos.com
2026-04-07,TC_oficial_venta,1415.0,argentinadatos.com
2026-04-08,TC_oficial_venta,1410.0,argentinadatos.com
2026-04-09,TC_oficial_venta,1405.0,argentinadatos.com
2026-04-10,TC_oficial_venta,1395.0,argentinadatos.com
2026-04-11,TC_oficial_venta,1395.0,argentinadatos.com
2026-04-12,TC_oficial_venta,1395.0,argentinadatos.com
2026-04-13,TC_oficial_venta,1385.0,argentinadatos.com
2026-04-14,TC_oficial_venta,1385.0,argentinadatos.com
2026-04-15,TC_oficial_venta,1385.0,argentinadatos.com
2026-04-16,TC_oficial_venta,1380.0,argentinadatos.com
2026-04-17,TC_oficial_venta,1390.0,argentinadatos.com
2026-04-18,TC_oficial_venta,1390.0,argentinadatos.com
2026-04-19,TC_oficial_venta,1390.0,argentinadatos.com
2026-04-20,TC_oficial_venta,1400.0,argentinadatos.com
2026-04-21,TC_oficial_venta,1400.0,argentinadatos.com
2026-04-22,TC_oficial_venta,1400.0,argentinadatos.com
2026-04-23,TC_oficial_venta,1415.0,argentinadatos.com
2026-04-24,TC_oficial_venta,1420.0,argentinadatos.com
2026-04-25,TC_oficial_venta,1420.0,argentinadatos.com
2026-04-26,TC_oficial_venta,1420.0,argentinadatos.com
2026-04-27,TC_oficial_venta,1440.0,argentinadatos.com
2026-04-28,TC_oficial_venta,1430.0,argentinadatos.com
2026-04-29,TC_oficial_venta,1415.0,argentinadatos.com
2026-04-30,TC_oficial_venta,1415.0,argentinadatos.com
2026-05-01,TC_oficial_venta,1415.0,argentinadatos.com
2026-05-02,TC_oficial_venta,1415.0,argentinadatos.com
2026-05-03,TC_oficial_venta,1415.0,argentinadatos.com
2026-05-04,TC_oficial_venta,1425.0,argentinadatos.com
2026-05-05,TC_oficial_venta,1415.0,argentinadatos.com
2026-05-06,TC_oficial_venta,1410.0,argentinadatos.com
2026-05-07,TC_oficial_venta,1420.0,argentinadatos.com
2026-05-08,TC_oficial_venta,1420.0,argentinadatos.com
2026-05-09,TC_oficial_venta,1420.0,argentinadatos.com
2026-05-10,TC_oficial_venta,1420.0,argentinadatos.com
2026-05-11,TC_oficial_venta,1415.0,argentinadatos.com
2026-05-12,TC_oficial_venta,1405.0,argentinadatos.com
2026-05-13,TC_oficial_venta,1405.0,argentinadatos.com
2026-05-14,TC_oficial_venta,1415.0,argentinadatos.com
2026-05-15,TC_oficial_venta,1420.0,argentinadatos.com
